{
"type": "FeatureCollection",
"name": "combined",
"crs": { "type": "name", "properties": { "name": "urn:ogc:def:crs:OGC:1.3:CRS84" } },
"features": [
{ "type": "Feature", "properties": { "fid": 1, "id": 31, "timestamp_start": "2025-05-27T15:00:00.000Z", "timestamp_end": "2025-05-27T16:00:00.000Z", "title": "Verkehrszählung Heigerleinstraße", "description": "Die Radlobby Ottakring hat eine Verkehrszählung in der \"fahrradfreundlichen Straße\" Heigerleinstraße durchgeführt. Diese ist Teil der Radverbindung vom 18. in den 14. Bezirk entlang der Vorortelinie und sollte \"besonders hohe Qualität für den Radverkehr bieten.\" Tatsächlich ist sie ein Schleichweg für Autos, die hier von der Ottakringer Straße bis zur Hernalser Hauptstraße beinahe ohne Ampeln fahren können. Durch die hohe Anzahl an Autos auf der Radverbindung kommt es immer wieder zu gefährlichen Situationen! Diese Gefahrenstelle war auch eine Station bei unserer letzten Befahrung mit Vertretern des Bezirks. ", "weblink": "https://www.radlobby.at/wien/ottakring/2025-05/verkehrszaehlung-heigerleinstrasse", "host": "radlobby", "category": "initiative", "reccuring": "one_time", "layer": null, "path": null }, "geometry": { "type": "Point", "coordinates": [ 16.334113172143411, 48.140529050771796 ] } },
{ "type": "Feature", "properties": { "fid": 2, "id": 32, "timestamp_start": "2025-05-26T06:00:00.000Z", "timestamp_end": "2025-05-26T18:00:00.000Z", "title": "Sicherer Radweg am Neubaugürtel kommt", "description": "Der Gürtel – eine der wichtigsten Hauptradrouten Wiens – bekommt an einem wichtigen Abschnitt, zwischen Mariahilfer Straße und Stollgasse, endlich einen sicheren Radweg! Damit wird eine wichtige Forderung der Radlobby erfüllt, für die wir und viele Radfahrende seit Jahren kämpfen.", "weblink": "https://www.radlobby.at/wien/2025-05/radlobby-erfolg-sicherer-radweg-am-neubauguertel-kommt", "host": "radlobby", "category": "initiative", "reccuring": "one_time", "layer": null, "path": null }, "geometry": { "type": "Point", "coordinates": [ 16.334111666324567, 48.140529025484454 ] } },
{ "type": "Feature", "properties": { "fid": 3, "id": 33, "timestamp_start": "2025-05-01T07:00:00.000Z", "timestamp_end": "2025-05-01T10:00:00.000Z", "title": "Sichere Mobilität & lebenswerter öffentlicher Raum", "description": "Sichere und bewegungsaktive Mobilität für alle auf der Wieden – wie gelingt das? Und wie teilen wir den öffentlichen Raum gerecht unter den verschiedenen Nutzer:innengruppen auf? Die Projektgruppe „Raum fair teilen“ setzt auf konkrete Maßnahmen, um die Verkehrssicherheit zu verbessern und einen Beitrag zur Verkehrswende sowie zu einem lebenswerten Stadtraum zu leisten.", "weblink": "https://la21.wien/projekt/sichere-mobilitaet-lebenswerter-oeffentlicher-raum/", "host": "Raum Fair Teilen", "category": "initiative", "reccuring": "one_time", "layer": null, "path": null }, "geometry": { "type": "Point", "coordinates": [ 16.334110660015881, 48.140528887700007 ] } },
{ "type": "Feature", "properties": { "fid": 4, "id": 35, "timestamp_start": "2025-05-16T15:00:00.000Z", "timestamp_end": "2025-05-16T18:00:00.000Z", "title": "Critical Spring Mass – Reclaim the streets!", "description": "Am 16. Mai rollt die Critical Mass Vienna wie jeden Monat für klimafreundliche Verkehrspolitik in Wien! Und wir werden immer mehr! Über Tausend Radler*innen haben letzten Mai #MehrPlatzFürsRad gefordert. Wieviele werden wir diesmal?", "weblink": "https://www.criticalmass.at/category/wien/", "host": "Critical Mass in Austria", "category": "protest", "reccuring": "one_time", "layer": null, "path": null }, "geometry": { "type": "Point", "coordinates": [ 16.33411088725779, 48.140528758995835 ] } },
{ "type": "Feature", "properties": { "fid": 5, "id": 36, "timestamp_start": "2025-04-18T15:00:00.605Z", "timestamp_end": "2025-04-18T18:00:00.000Z", "title": "NULLCritical Easter Mass", "description": "Sattelt eure Osterhasen! Die Critical Mass Wien reitet vorösterlich lautstark auf Straßen, die sonst den Autos gehören, und zelebriert das beste Verkehrsmittel der Stadt. Wir nehmen uns den Platz auf der Straße, der dem Radverkehr zusteht: #MehrPlatzFürsRad ", "weblink": "https://www.criticalmass.at/category/wien/", "host": "Critical Mass in Austria", "category": "protest", "reccuring": "one_time", "layer": null, "path": null }, "geometry": { "type": "Point", "coordinates": [ 16.334110893984544, 48.140528758618835 ] } },
{ "type": "Feature", "properties": { "fid": 6, "id": 37, "timestamp_start": "2025-05-10T08:00:00.000Z", "timestamp_end": "2025-05-10T10:00:00.000Z", "title": "Kindical Mass", "description": "Damit sich Kinder sicher und selbstständig mit dem Fahrrad bewegen können, benötigt es bessere und sicherere Radwege. Denn Radfahren soll keinen Dauerstress für Eltern und Kinder bedeuten. Um dafür ein Zeichen zu setzen, erobern wir mit viel Freude und Musik die Straßen. Sei dabei und bring die Dinge ins Rollen!", "weblink": "https://www.kidicalmass.at/", "host": "Kindical Mass", "category": "protest", "reccuring": "one_time", "layer": null, "path": null }, "geometry": { "type": "Point", "coordinates": [ 16.334111230924101, 48.140528835004766 ] } },
{ "type": "Feature", "properties": { "fid": 7, "id": 38, "timestamp_start": "2025-06-01T07:00:00.000Z", "timestamp_end": "2025-06-01T10:00:00.000Z", "title": "Kirchberggasse für alle!", "description": "Wir setzen uns für Mitsprache und Partizipation ein: wir wollen unsere Gasse gemeinsam mit Leben füllen!\n\nExplodierende Mieten und AirBnB vertreiben die langjährigen Bewohner:innen auf dem Spittelberg: wir wollen unsere Nachbar:innen nicht verlieren!", "weblink": "https://kirchberggasse.at/", "host": "Initiative Kirchberggasse", "category": "initiative", "reccuring": "weekly", "layer": null, "path": null }, "geometry": { "type": "Point", "coordinates": [ 16.33411146939271, 48.140528869557976 ] } },
{ "type": "Feature", "properties": { "fid": 8, "id": 34, "timestamp_start": "2025-06-08T07:00:00.000Z", "timestamp_end": "2025-06-08T10:00:00.000Z", "title": "Kirchberggasse für alle!", "description": "Wir setzen uns für Mitsprache und Partizipation ein: wir wollen unsere Gasse gemeinsam mit Leben füllen!\n\nExplodierende Mieten und AirBnB vertreiben die langjährigen Bewohner:innen auf dem Spittelberg: wir wollen unsere Nachbar:innen nicht verlieren!", "weblink": "https://kirchberggasse.at/", "host": "Initiative Kirchberggasse", "category": "initiative", "reccuring": "one_time", "layer": null, "path": null }, "geometry": { "type": "Point", "coordinates": [ 16.33411146939271, 48.140528869557976 ] } },
{ "type": "Feature", "properties": { "fid": 9, "id": 39, "timestamp_start": "2025-06-15T07:00:00.000Z", "timestamp_end": "2025-06-15T10:00:00.000Z", "title": "Kirchberggasse für alle!", "description": "Wir setzen uns für Mitsprache und Partizipation ein: wir wollen unsere Gasse gemeinsam mit Leben füllen!\n\nExplodierende Mieten und AirBnB vertreiben die langjährigen Bewohner:innen auf dem Spittelberg: wir wollen unsere Nachbar:innen nicht verlieren!", "weblink": "https://kirchberggasse.at/", "host": "Initiative Kirchberggasse", "category": "initiative", "reccuring": "weekly", "layer": null, "path": null }, "geometry": { "type": "Point", "coordinates": [ 16.33411146939271, 48.140528869557976 ] } },
{ "type": "Feature", "properties": { "fid": 10, "id": 310, "timestamp_start": "2025-06-22T07:00:00.000Z", "timestamp_end": "2025-06-22T10:00:00.000Z", "title": "Kirchberggasse für alle!", "description": "Wir setzen uns für Mitsprache und Partizipation ein: wir wollen unsere Gasse gemeinsam mit Leben füllen!\n\nExplodierende Mieten und AirBnB vertreiben die langjährigen Bewohner:innen auf dem Spittelberg: wir wollen unsere Nachbar:innen nicht verlieren!", "weblink": "https://kirchberggasse.at/", "host": "Initiative Kirchberggasse", "category": "initiative", "reccuring": "weekly", "layer": null, "path": null }, "geometry": { "type": "Point", "coordinates": [ 16.33411146939271, 48.140528869557976 ] } },
{ "type": "Feature", "properties": { "fid": 11, "id": 311, "timestamp_start": "2025-06-29T07:00:00.000Z", "timestamp_end": "2025-06-29T10:00:00.000Z", "title": "Kirchberggasse für alle!", "description": "Wir setzen uns für Mitsprache und Partizipation ein: wir wollen unsere Gasse gemeinsam mit Leben füllen!\n\nExplodierende Mieten und AirBnB vertreiben die langjährigen Bewohner:innen auf dem Spittelberg: wir wollen unsere Nachbar:innen nicht verlieren!", "weblink": "https://kirchberggasse.at/", "host": "Initiative Kirchberggasse", "category": "initiative", "reccuring": "weekly", "layer": null, "path": null }, "geometry": { "type": "Point", "coordinates": [ 16.33411146939271, 48.140528869557976 ] } },
{ "type": "Feature", "properties": { "fid": 12, "id": 312, "timestamp_start": "2025-07-06T07:00:00.000Z", "timestamp_end": "2025-07-06T10:00:00.000Z", "title": "Kirchberggasse für alle!", "description": "Wir setzen uns für Mitsprache und Partizipation ein: wir wollen unsere Gasse gemeinsam mit Leben füllen!\n\nExplodierende Mieten und AirBnB vertreiben die langjährigen Bewohner:innen auf dem Spittelberg: wir wollen unsere Nachbar:innen nicht verlieren!", "weblink": "https://kirchberggasse.at/", "host": "Initiative Kirchberggasse", "category": "initiative", "reccuring": "weekly", "layer": null, "path": null }, "geometry": { "type": "Point", "coordinates": [ 16.33411146939271, 48.140528869557976 ] } },
{ "type": "Feature", "properties": { "fid": 13, "id": 313, "timestamp_start": "2025-07-13T07:00:00.000Z", "timestamp_end": "2025-07-13T10:00:00.000Z", "title": "Kirchberggasse für alle!", "description": "Wir setzen uns für Mitsprache und Partizipation ein: wir wollen unsere Gasse gemeinsam mit Leben füllen!\n\nExplodierende Mieten und AirBnB vertreiben die langjährigen Bewohner:innen auf dem Spittelberg: wir wollen unsere Nachbar:innen nicht verlieren!", "weblink": "https://kirchberggasse.at/", "host": "Initiative Kirchberggasse", "category": "initiative", "reccuring": "weekly", "layer": null, "path": null }, "geometry": { "type": "Point", "coordinates": [ 16.33411146939271, 48.140528869557976 ] } },
{ "type": "Feature", "properties": { "fid": 14, "id": 314, "timestamp_start": "2025-07-20T07:00:00.000Z", "timestamp_end": "2025-07-20T10:00:00.000Z", "title": "Kirchberggasse für alle!", "description": "Wir setzen uns für Mitsprache und Partizipation ein: wir wollen unsere Gasse gemeinsam mit Leben füllen!\n\nExplodierende Mieten und AirBnB vertreiben die langjährigen Bewohner:innen auf dem Spittelberg: wir wollen unsere Nachbar:innen nicht verlieren!", "weblink": "https://kirchberggasse.at/", "host": "Initiative Kirchberggasse", "category": "initiative", "reccuring": "weekly", "layer": null, "path": null }, "geometry": { "type": "Point", "coordinates": [ 16.33411146939271, 48.140528869557976 ] } },
{ "type": "Feature", "properties": { "fid": 15, "id": 315, "timestamp_start": "2025-07-27T07:00:00.000Z", "timestamp_end": "2025-07-27T10:00:00.000Z", "title": "Kirchberggasse für alle!", "description": "Wir setzen uns für Mitsprache und Partizipation ein: wir wollen unsere Gasse gemeinsam mit Leben füllen!\n\nExplodierende Mieten und AirBnB vertreiben die langjährigen Bewohner:innen auf dem Spittelberg: wir wollen unsere Nachbar:innen nicht verlieren!", "weblink": "https://kirchberggasse.at/", "host": "Initiative Kirchberggasse", "category": "initiative", "reccuring": "weekly", "layer": null, "path": null }, "geometry": { "type": "Point", "coordinates": [ 16.33411146939271, 48.140528869557976 ] } },
{ "type": "Feature", "properties": { "fid": 16, "id": 316, "timestamp_start": "2025-08-03T07:00:00.000Z", "timestamp_end": "2025-08-03T10:00:00.000Z", "title": "Kirchberggasse für alle!", "description": "Wir setzen uns für Mitsprache und Partizipation ein: wir wollen unsere Gasse gemeinsam mit Leben füllen!\n\nExplodierende Mieten und AirBnB vertreiben die langjährigen Bewohner:innen auf dem Spittelberg: wir wollen unsere Nachbar:innen nicht verlieren!", "weblink": "https://kirchberggasse.at/", "host": "Initiative Kirchberggasse", "category": "initiative", "reccuring": "weekly", "layer": null, "path": null }, "geometry": { "type": "Point", "coordinates": [ 16.33411146939271, 48.140528869557976 ] } },
{ "type": "Feature", "properties": { "fid": 17, "id": 317, "timestamp_start": "2025-08-10T07:00:00.000Z", "timestamp_end": "2025-08-10T10:00:00.000Z", "title": "Kirchberggasse für alle!", "description": "Wir setzen uns für Mitsprache und Partizipation ein: wir wollen unsere Gasse gemeinsam mit Leben füllen!\n\nExplodierende Mieten und AirBnB vertreiben die langjährigen Bewohner:innen auf dem Spittelberg: wir wollen unsere Nachbar:innen nicht verlieren!", "weblink": "https://kirchberggasse.at/", "host": "Initiative Kirchberggasse", "category": "initiative", "reccuring": "weekly", "layer": null, "path": null }, "geometry": { "type": "Point", "coordinates": [ 16.33411146939271, 48.140528869557976 ] } },
{ "type": "Feature", "properties": { "fid": 18, "id": 318, "timestamp_start": "2025-08-17T07:00:00.000Z", "timestamp_end": "2025-08-17T10:00:00.000Z", "title": "Kirchberggasse für alle!", "description": "Wir setzen uns für Mitsprache und Partizipation ein: wir wollen unsere Gasse gemeinsam mit Leben füllen!\n\nExplodierende Mieten und AirBnB vertreiben die langjährigen Bewohner:innen auf dem Spittelberg: wir wollen unsere Nachbar:innen nicht verlieren!", "weblink": "https://kirchberggasse.at/", "host": "Initiative Kirchberggasse", "category": "initiative", "reccuring": "weekly", "layer": null, "path": null }, "geometry": { "type": "Point", "coordinates": [ 16.33411146939271, 48.140528869557976 ] } },
{ "type": "Feature", "properties": { "fid": 19, "id": 319, "timestamp_start": "2025-08-24T07:00:00.000Z", "timestamp_end": "2025-08-24T10:00:00.000Z", "title": "Kirchberggasse für alle!", "description": "Wir setzen uns für Mitsprache und Partizipation ein: wir wollen unsere Gasse gemeinsam mit Leben füllen!\n\nExplodierende Mieten und AirBnB vertreiben die langjährigen Bewohner:innen auf dem Spittelberg: wir wollen unsere Nachbar:innen nicht verlieren!", "weblink": "https://kirchberggasse.at/", "host": "Initiative Kirchberggasse", "category": "initiative", "reccuring": "weekly", "layer": null, "path": null }, "geometry": { "type": "Point", "coordinates": [ 16.33411146939271, 48.140528869557976 ] } },
{ "type": "Feature", "properties": { "fid": 20, "id": 320, "timestamp_start": "2025-08-31T07:00:00.000Z", "timestamp_end": "2025-08-24T10:00:00.000Z", "title": "Kirchberggasse für alle!", "description": "Wir setzen uns für Mitsprache und Partizipation ein: wir wollen unsere Gasse gemeinsam mit Leben füllen!\n\nExplodierende Mieten und AirBnB vertreiben die langjährigen Bewohner:innen auf dem Spittelberg: wir wollen unsere Nachbar:innen nicht verlieren!", "weblink": "https://kirchberggasse.at/", "host": "Initiative Kirchberggasse", "category": "initiative", "reccuring": "weekly", "layer": null, "path": null }, "geometry": { "type": "Point", "coordinates": [ 16.33411146939271, 48.140528869557976 ] } },
{ "type": "Feature", "properties": { "fid": 21, "id": 321, "timestamp_start": "2025-05-24T12:00:00.000Z", "timestamp_end": "2025-05-24T14:00:00.000Z", "title": "Visionary Walk - Westbahnpark.LIVE", "description": "Vision? Nein, Realität! Wir zeigen Euch den Westbahnpark live und voller Leben!\n\nKommt mit uns in den Park, ihr werdet staunen!", "weblink": "https://www.westbahnpark.live/kalender", "host": "WESTBAHNPARK.AHORA", "category": "initiative", "reccuring": "one_time", "layer": null, "path": null }, "geometry": { "type": "Point", "coordinates": [ 16.334111594576878, 48.140529073859533 ] } },
{ "type": "Feature", "properties": { "fid": 22, "id": 322, "timestamp_start": "2025-04-07T16:00:00.000Z", "timestamp_end": "2025-04-07T18:00:00.000Z", "title": "Westbahnpark-Monwalk", "description": "Ab 2025 verlagern wir unsere Treffen ganz einfach ins Freie und gehen jeden 1. Montag im Monat gemeinsam in den Westbahnpark zum Westbahnpark-Monwalk!", "weblink": "https://www.westbahnpark.live/kalender-kommende-events/westbahnpark-monwalk-5", "host": "WESTBAHNPARK.AHORA", "category": "initiative", "reccuring": "one_time", "layer": null, "path": null }, "geometry": { "type": "Point", "coordinates": [ 16.334111593623959, 48.140529072969017 ] } },
{ "type": "Feature", "properties": { "fid": 23, "id": 323, "timestamp_start": "2025-04-04T17:00:00.000Z", "timestamp_end": "2025-04-04T19:00:00.000Z", "title": "Future Bike Ride", "description": "Raddemo für eine gemeinsame gute Zukunft!\n‍Ende April wird in Wien gewählt. Die Demokratie lebt von der Beteiligung aller. Darum wollen wir den Menschen gemeinsam mit anderen Initiativen und Organisationen mit positiven Zukunftsvisionen viele Gründe geben, um wählen zu gehen, und der Politik zeigen, welche Themen den Menschen wichtig sind.", "weblink": "https://www.westbahnpark.live/kalender-kommende-events/future-bike-ride", "host": "WESTBAHNPARK.AHORA", "category": "initiative", "reccuring": "one_time", "layer": null, "path": null }, "geometry": { "type": "Point", "coordinates": [ 16.334111996473254, 48.140528770459198 ] } },
{ "type": "Feature", "properties": { "fid": 24, "id": 324, "timestamp_start": "2025-06-05T14:00:00.000Z", "timestamp_end": "2025-06-05T16:00:00.000Z", "title": "Kinderbücher Tausch im Paklet", "description": "Hast du Kinderbücher, die vielleicht nicht mehr liest oder manche vielleicht doppelt? Suchst du etwas neues zum Lesen? Dann komm und schau vorbei.", "weblink": "https://matznerviertel.at/kinderbuecher-tausch-im-paklet-do-5-juni/", "host": "Matznerviertel habitable", "category": "initiative", "reccuring": "one_time", "layer": null, "path": null }, "geometry": { "type": "Point", "coordinates": [ 16.334112175525259, 48.140529305847217 ] } },
{ "type": "Feature", "properties": { "fid": 25, "id": 325, "timestamp_start": "2025-06-26T13:00:00.000Z", "timestamp_end": "2025-06-26T17:00:00.000Z", "title": "Sommerfest „Mit heißen Rhythmen in die Ferien“", "description": "Nach einem langen Schuljahr haben sich Kinder und Erwachsene Erholung verdient. Die ersehnten Ferien beginnen mit einem Sommerfest am 26. Juni am Matzner-Markt.\n\nAb 15.00 Uhr startet auf der Wohnstraße Goldschlagstraße das Festprogramm. Kinder können sich beim Dosenschießen messen, die Wohnstraße mit Straßenkreiden bunt bemalen oder sich schminken lassen.\n\nAb 16.00 Uhr bieten dazu noch kiddy&Co Spiel und Spaß. Ebenso ab 16.00 Uhr kann man Kräuterbutter rühren und auch gleich verkosten. Die Kräuter dafür werden frisch im Matznergarten gepflückt. Eine Live-Salsaband Sabor Tumbao aus Lateinamerika sorgt mit ihren heißen Rhythmen für das passende Sommerfeeling. Und damit auch wirklich jeder und jede mittanzen kann, gibt es von 16.30-17.30 Uhr eine öffentliche Tanzstunde mit Ery Pedroso. Die gastronomische Versorgung kommt von den Standlern am Matzner-Markt und Kantine 14 im Gastgarten!", "weblink": "https://matznerviertel.at/sommerfest-mit-heissen-rhythmen-in-die-ferien/", "host": "Matznerviertel habitable", "category": "initiative", "reccuring": "one_time", "layer": null, "path": null }, "geometry": { "type": "Point", "coordinates": [ 16.334112127862966, 48.14052930241261 ] } },
{ "type": "Feature", "properties": { "fid": 26, "id": 326, "timestamp_start": "2025-05-12T17:00:00.000Z", "timestamp_end": "2025-05-12T19:00:00.000Z", "title": "Philosophisches Café im Matznerviertel: Demokratie gemeinsam denken", "description": "Philosophieren nach Marc Sautet: Ein demokratisches Gespräch\nAls Sautet 1992 das erste Philosophische Café im Pariser Café des Phares ins Leben rief, hatte er ein klares Ziel: Er wollte die Philosophie aus der Universität herausholen und dorthin bringen, wo Menschen zusammenkommen – in Cafés, auf Marktplätze, mitten in den Alltag. Sein Konzept war radikal demokratisch:\n\nJede:r kann mitreden. Philosophie ist kein Elitenprojekt, sondern ein gemeinsames Denken, das alle betrifft.\nDie Themen werden von den Teilnehmer:innen bestimmt. Keine vorgegebenen Vorträge, keine fertigen Antworten – stattdessen eine offene Diskussion über die Fragen, die die Menschen tatsächlich bewegen.\nDie Moderation sorgt für Tiefe. Eine zentrale Rolle spielte für Sautet die Kunst des Fragens: Nicht um zu belehren, sondern um das Denken anzuregen, zu hinterfragen und neue Zusammenhänge zu entdecken.", "weblink": "https://matznerviertel.at/die-kant_ine-denkt-nach-das-philosophische-cafe/", "host": "Matznerviertel habitable", "category": "initiative", "reccuring": "one_time", "layer": null, "path": null }, "geometry": { "type": "Point", "coordinates": [ 16.334112196229007, 48.140529302661605 ] } },
{ "type": "Feature", "properties": { "fid": 27, "id": 327, "timestamp_start": "2025-06-05T15:00:00.000Z", "timestamp_end": "2025-06-05T17:00:00.000Z", "title": "Grätzl-Treff am Matzner-Markt", "description": "Unsere Grätzl-Treffs finden, solange es den Matzner-Markt gibt, jeden Donnerstag im Monat von 17 bis 19 Uhr am Infostand des Lebenswerten Matznerviertels in der Wohnstraße Goldschlagstraße statt.\n\nAnliegen und Fragen zur Nachbarschaft im Matznerviertel können wir dann gerne von Angesicht zu Angesicht besprechen. Wir freuen uns auf Ihren Besuch!", "weblink": "https://matznerviertel.at/graetzl-treff-am-matzner-markt/", "host": "Matznerviertel habitable", "category": "initiative", "reccuring": "weekly", "layer": null, "path": null }, "geometry": { "type": "Point", "coordinates": [ 16.334112179388686, 48.140529312459925 ] } },
{ "type": "Feature", "properties": { "fid": 28, "id": 328, "timestamp_start": "2025-06-12T15:00:00.000Z", "timestamp_end": "2025-06-12T17:00:00.000Z", "title": "Grätzl-Treff am Matzner-Markt", "description": "Unsere Grätzl-Treffs finden, solange es den Matzner-Markt gibt, jeden Donnerstag im Monat von 17 bis 19 Uhr am Infostand des Lebenswerten Matznerviertels in der Wohnstraße Goldschlagstraße statt.\n\nAnliegen und Fragen zur Nachbarschaft im Matznerviertel können wir dann gerne von Angesicht zu Angesicht besprechen. Wir freuen uns auf Ihren Besuch!", "weblink": "https://matznerviertel.at/graetzl-treff-am-matzner-markt/", "host": "Matznerviertel habitable", "category": "initiative", "reccuring": "weekly", "layer": null, "path": null }, "geometry": { "type": "Point", "coordinates": [ 16.334112179388686, 48.140529312459925 ] } },
{ "type": "Feature", "properties": { "fid": 29, "id": 329, "timestamp_start": "2025-06-19T15:00:00.000Z", "timestamp_end": "2025-06-19T17:00:00.000Z", "title": "Grätzl-Treff am Matzner-Markt", "description": "Unsere Grätzl-Treffs finden, solange es den Matzner-Markt gibt, jeden Donnerstag im Monat von 17 bis 19 Uhr am Infostand des Lebenswerten Matznerviertels in der Wohnstraße Goldschlagstraße statt.\n\nAnliegen und Fragen zur Nachbarschaft im Matznerviertel können wir dann gerne von Angesicht zu Angesicht besprechen. Wir freuen uns auf Ihren Besuch!", "weblink": "https://matznerviertel.at/graetzl-treff-am-matzner-markt/", "host": "Matznerviertel habitable", "category": "initiative", "reccuring": "weekly", "layer": null, "path": null }, "geometry": { "type": "Point", "coordinates": [ 16.334112179388686, 48.140529312459925 ] } },
{ "type": "Feature", "properties": { "fid": 30, "id": 330, "timestamp_start": "2025-06-26T15:00:00.000Z", "timestamp_end": "2025-06-26T17:00:00.000Z", "title": "Grätzl-Treff am Matzner-Markt", "description": "Unsere Grätzl-Treffs finden, solange es den Matzner-Markt gibt, jeden Donnerstag im Monat von 17 bis 19 Uhr am Infostand des Lebenswerten Matznerviertels in der Wohnstraße Goldschlagstraße statt.\n\nAnliegen und Fragen zur Nachbarschaft im Matznerviertel können wir dann gerne von Angesicht zu Angesicht besprechen. Wir freuen uns auf Ihren Besuch!", "weblink": "https://matznerviertel.at/graetzl-treff-am-matzner-markt/", "host": "Matznerviertel habitable", "category": "initiative", "reccuring": "weekly", "layer": null, "path": null }, "geometry": { "type": "Point", "coordinates": [ 16.334112179388686, 48.140529312459925 ] } },
{ "type": "Feature", "properties": { "fid": 31, "id": 331, "timestamp_start": "2025-07-03T15:00:00.000Z", "timestamp_end": "2025-07-03T17:00:00.000Z", "title": "Grätzl-Treff am Matzner-Markt", "description": "Unsere Grätzl-Treffs finden, solange es den Matzner-Markt gibt, jeden Donnerstag im Monat von 17 bis 19 Uhr am Infostand des Lebenswerten Matznerviertels in der Wohnstraße Goldschlagstraße statt.\n\nAnliegen und Fragen zur Nachbarschaft im Matznerviertel können wir dann gerne von Angesicht zu Angesicht besprechen. Wir freuen uns auf Ihren Besuch!", "weblink": "https://matznerviertel.at/graetzl-treff-am-matzner-markt/", "host": "Matznerviertel habitable", "category": "initiative", "reccuring": "weekly", "layer": null, "path": null }, "geometry": { "type": "Point", "coordinates": [ 16.334112179388686, 48.140529312459925 ] } },
{ "type": "Feature", "properties": { "fid": 32, "id": 332, "timestamp_start": "2025-07-10T15:00:00.000Z", "timestamp_end": "2025-07-10T17:00:00.000Z", "title": "Grätzl-Treff am Matzner-Markt", "description": "Unsere Grätzl-Treffs finden, solange es den Matzner-Markt gibt, jeden Donnerstag im Monat von 17 bis 19 Uhr am Infostand des Lebenswerten Matznerviertels in der Wohnstraße Goldschlagstraße statt.\n\nAnliegen und Fragen zur Nachbarschaft im Matznerviertel können wir dann gerne von Angesicht zu Angesicht besprechen. Wir freuen uns auf Ihren Besuch!", "weblink": "https://matznerviertel.at/graetzl-treff-am-matzner-markt/", "host": "Matznerviertel habitable", "category": "initiative", "reccuring": "weekly", "layer": null, "path": null }, "geometry": { "type": "Point", "coordinates": [ 16.334112179388686, 48.140529312459925 ] } },
{ "type": "Feature", "properties": { "fid": 33, "id": 333, "timestamp_start": "2025-07-17T15:00:00.000Z", "timestamp_end": "2025-07-17T17:00:00.000Z", "title": "Grätzl-Treff am Matzner-Markt", "description": "Unsere Grätzl-Treffs finden, solange es den Matzner-Markt gibt, jeden Donnerstag im Monat von 17 bis 19 Uhr am Infostand des Lebenswerten Matznerviertels in der Wohnstraße Goldschlagstraße statt.\n\nAnliegen und Fragen zur Nachbarschaft im Matznerviertel können wir dann gerne von Angesicht zu Angesicht besprechen. Wir freuen uns auf Ihren Besuch!", "weblink": "https://matznerviertel.at/graetzl-treff-am-matzner-markt/", "host": "Matznerviertel habitable", "category": "initiative", "reccuring": "weekly", "layer": null, "path": null }, "geometry": { "type": "Point", "coordinates": [ 16.334112179388686, 48.140529312459925 ] } },
{ "type": "Feature", "properties": { "fid": 34, "id": 334, "timestamp_start": "2025-07-24T15:00:00.000Z", "timestamp_end": "2025-07-24T17:00:00.000Z", "title": "Grätzl-Treff am Matzner-Markt", "description": "Unsere Grätzl-Treffs finden, solange es den Matzner-Markt gibt, jeden Donnerstag im Monat von 17 bis 19 Uhr am Infostand des Lebenswerten Matznerviertels in der Wohnstraße Goldschlagstraße statt.\n\nAnliegen und Fragen zur Nachbarschaft im Matznerviertel können wir dann gerne von Angesicht zu Angesicht besprechen. Wir freuen uns auf Ihren Besuch!", "weblink": "https://matznerviertel.at/graetzl-treff-am-matzner-markt/", "host": "Matznerviertel habitable", "category": "initiative", "reccuring": "weekly", "layer": null, "path": null }, "geometry": { "type": "Point", "coordinates": [ 16.334112179388686, 48.140529312459925 ] } },
{ "type": "Feature", "properties": { "fid": 35, "id": 335, "timestamp_start": "2025-07-31T15:00:00.000Z", "timestamp_end": "2025-07-31T17:00:00.000Z", "title": "Grätzl-Treff am Matzner-Markt", "description": "Unsere Grätzl-Treffs finden, solange es den Matzner-Markt gibt, jeden Donnerstag im Monat von 17 bis 19 Uhr am Infostand des Lebenswerten Matznerviertels in der Wohnstraße Goldschlagstraße statt.\n\nAnliegen und Fragen zur Nachbarschaft im Matznerviertel können wir dann gerne von Angesicht zu Angesicht besprechen. Wir freuen uns auf Ihren Besuch!", "weblink": "https://matznerviertel.at/graetzl-treff-am-matzner-markt/", "host": "Matznerviertel habitable", "category": "initiative", "reccuring": "weekly", "layer": null, "path": null }, "geometry": { "type": "Point", "coordinates": [ 16.334112179388686, 48.140529312459925 ] } },
{ "type": "Feature", "properties": { "fid": 36, "id": 336, "timestamp_start": "2025-05-29T15:00:00.000Z", "timestamp_end": "2025-05-29T17:00:00.000Z", "title": "Grätzl-Treff am Matzner-Markt", "description": "Unsere Grätzl-Treffs finden, solange es den Matzner-Markt gibt, jeden Donnerstag im Monat von 17 bis 19 Uhr am Infostand des Lebenswerten Matznerviertels in der Wohnstraße Goldschlagstraße statt.\n\nAnliegen und Fragen zur Nachbarschaft im Matznerviertel können wir dann gerne von Angesicht zu Angesicht besprechen. Wir freuen uns auf Ihren Besuch!", "weblink": "https://matznerviertel.at/graetzl-treff-am-matzner-markt/", "host": "Matznerviertel habitable", "category": "initiative", "reccuring": "weekly", "layer": null, "path": null }, "geometry": { "type": "Point", "coordinates": [ 16.334112179388686, 48.140529312459925 ] } },
{ "type": "Feature", "properties": { "fid": 37, "id": 337, "timestamp_start": "2025-05-22T15:00:00.000Z", "timestamp_end": "2025-05-22T17:00:00.000Z", "title": "Grätzl-Treff am Matzner-Markt", "description": "Unsere Grätzl-Treffs finden, solange es den Matzner-Markt gibt, jeden Donnerstag im Monat von 17 bis 19 Uhr am Infostand des Lebenswerten Matznerviertels in der Wohnstraße Goldschlagstraße statt.\n\nAnliegen und Fragen zur Nachbarschaft im Matznerviertel können wir dann gerne von Angesicht zu Angesicht besprechen. Wir freuen uns auf Ihren Besuch!", "weblink": "https://matznerviertel.at/graetzl-treff-am-matzner-markt/", "host": "Matznerviertel habitable", "category": "initiative", "reccuring": "weekly", "layer": null, "path": null }, "geometry": { "type": "Point", "coordinates": [ 16.334112179388686, 48.140529312459925 ] } },
{ "type": "Feature", "properties": { "fid": 38, "id": 338, "timestamp_start": "2025-05-15T15:00:00.000Z", "timestamp_end": "2025-05-15T17:00:00.000Z", "title": "Grätzl-Treff am Matzner-Markt", "description": "Unsere Grätzl-Treffs finden, solange es den Matzner-Markt gibt, jeden Donnerstag im Monat von 17 bis 19 Uhr am Infostand des Lebenswerten Matznerviertels in der Wohnstraße Goldschlagstraße statt.\n\nAnliegen und Fragen zur Nachbarschaft im Matznerviertel können wir dann gerne von Angesicht zu Angesicht besprechen. Wir freuen uns auf Ihren Besuch!", "weblink": "https://matznerviertel.at/graetzl-treff-am-matzner-markt/", "host": "Matznerviertel habitable", "category": "initiative", "reccuring": "weekly", "layer": null, "path": null }, "geometry": { "type": "Point", "coordinates": [ 16.334112179388686, 48.140529312459925 ] } },
{ "type": "Feature", "properties": { "fid": 39, "id": 339, "timestamp_start": "2025-05-08T15:00:00.000Z", "timestamp_end": "2025-05-08T17:00:00.000Z", "title": "Grätzl-Treff am Matzner-Markt", "description": "Unsere Grätzl-Treffs finden, solange es den Matzner-Markt gibt, jeden Donnerstag im Monat von 17 bis 19 Uhr am Infostand des Lebenswerten Matznerviertels in der Wohnstraße Goldschlagstraße statt.\n\nAnliegen und Fragen zur Nachbarschaft im Matznerviertel können wir dann gerne von Angesicht zu Angesicht besprechen. Wir freuen uns auf Ihren Besuch!", "weblink": "https://matznerviertel.at/graetzl-treff-am-matzner-markt/", "host": "Matznerviertel habitable", "category": "initiative", "reccuring": "weekly", "layer": null, "path": null }, "geometry": { "type": "Point", "coordinates": [ 16.334112179388686, 48.140529312459925 ] } },
{ "type": "Feature", "properties": { "fid": 40, "id": 340, "timestamp_start": "2025-05-01T15:00:00.000Z", "timestamp_end": "2025-05-01T17:00:00.000Z", "title": "Grätzl-Treff am Matzner-Markt", "description": "Unsere Grätzl-Treffs finden, solange es den Matzner-Markt gibt, jeden Donnerstag im Monat von 17 bis 19 Uhr am Infostand des Lebenswerten Matznerviertels in der Wohnstraße Goldschlagstraße statt.\n\nAnliegen und Fragen zur Nachbarschaft im Matznerviertel können wir dann gerne von Angesicht zu Angesicht besprechen. Wir freuen uns auf Ihren Besuch!", "weblink": "https://matznerviertel.at/graetzl-treff-am-matzner-markt/", "host": "Matznerviertel habitable", "category": "initiative", "reccuring": "weekly", "layer": null, "path": null }, "geometry": { "type": "Point", "coordinates": [ 16.334112179388686, 48.140529312459925 ] } },
{ "type": "Feature", "properties": { "fid": 41, "id": 341, "timestamp_start": "2025-04-07T16:00:00.000Z", "timestamp_end": "2025-04-07T20:00:00.000Z", "title": "Projektgruppe: Radfahren in der Josefstadt", "description": "Das Ziel der Projektgruppe ist die Förderung des Radverkehrs in der Josefstadt, insbesondere die Ausarbeitung eines umfassenden Radverkehrskonzepts soll die Situation fürs Radfahren verbessern.\n\nDas Konzept soll mit den Entscheidungsträger:innen erarbeitet und bei künftigen Verkehrsmaßnahmen berücksichtigt werden.\n\nAuch konkrete Einzelmaßnahmen sollen zur Umsetzung gebracht werden; wichtig ist vor allem eine Radverkehrsinfrastruktur die für alle Alters- und NutzerInnengruppen intuitiv nutzbar und attraktiv ist. Eine Erhöhung des Radverkehrsanteils muss ohne Benachteiligung der Fußgeher:innen passieren.\n\nDas Leitbild unserer Projektgruppe steht hier rechts als Download zur Verfügung.", "weblink": "https://la21.wien/graetzllabor/josefstadt/#mitmachen", "host": "Radfahren in der Josefstadt", "category": "initiative", "reccuring": "one_time", "layer": null, "path": null }, "geometry": { "type": "Point", "coordinates": [ 16.334112063431977, 48.140528900507306 ] } },
{ "type": "Feature", "properties": { "fid": 42, "id": 342, "timestamp_start": "2025-04-08T16:00:00.000Z", "timestamp_end": "2025-04-08T20:00:00.000Z", "title": "Projektgruppe: Radfahren in der Josefstadt", "description": "Das Ziel der Projektgruppe ist die Förderung des Radverkehrs in der Josefstadt, insbesondere die Ausarbeitung eines umfassenden Radverkehrskonzepts soll die Situation fürs Radfahren verbessern.\n\nDas Konzept soll mit den Entscheidungsträger:innen erarbeitet und bei künftigen Verkehrsmaßnahmen berücksichtigt werden.\n\nAuch konkrete Einzelmaßnahmen sollen zur Umsetzung gebracht werden; wichtig ist vor allem eine Radverkehrsinfrastruktur die für alle Alters- und NutzerInnengruppen intuitiv nutzbar und attraktiv ist. Eine Erhöhung des Radverkehrsanteils muss ohne Benachteiligung der Fußgeher:innen passieren.\n\nDas Leitbild unserer Projektgruppe steht hier rechts als Download zur Verfügung.", "weblink": "https://la21.wien/graetzllabor/josefstadt/#mitmachen", "host": "Radfahren in der Josefstadt", "category": "initiative", "reccuring": "one_time", "layer": null, "path": null }, "geometry": { "type": "Point", "coordinates": [ 16.334112063431977, 48.140528900507306 ] } },
{ "type": "Feature", "properties": { "fid": 43, "id": 343, "timestamp_start": "2025-04-09T16:00:00.000Z", "timestamp_end": "2025-04-09T20:00:00.000Z", "title": "Projektgruppe: Radfahren in der Josefstadt", "description": "Das Ziel der Projektgruppe ist die Förderung des Radverkehrs in der Josefstadt, insbesondere die Ausarbeitung eines umfassenden Radverkehrskonzepts soll die Situation fürs Radfahren verbessern.\n\nDas Konzept soll mit den Entscheidungsträger:innen erarbeitet und bei künftigen Verkehrsmaßnahmen berücksichtigt werden.\n\nAuch konkrete Einzelmaßnahmen sollen zur Umsetzung gebracht werden; wichtig ist vor allem eine Radverkehrsinfrastruktur die für alle Alters- und NutzerInnengruppen intuitiv nutzbar und attraktiv ist. Eine Erhöhung des Radverkehrsanteils muss ohne Benachteiligung der Fußgeher:innen passieren.\n\nDas Leitbild unserer Projektgruppe steht hier rechts als Download zur Verfügung.", "weblink": "https://la21.wien/graetzllabor/josefstadt/#mitmachen", "host": "Radfahren in der Josefstadt", "category": "initiative", "reccuring": "one_time", "layer": null, "path": null }, "geometry": { "type": "Point", "coordinates": [ 16.334112063431977, 48.140528900507306 ] } },
{ "type": "Feature", "properties": { "fid": 44, "id": 344, "timestamp_start": "2025-04-10T16:00:00.000Z", "timestamp_end": "2025-04-10T20:00:00.000Z", "title": "Projektgruppe: Radfahren in der Josefstadt", "description": "Das Ziel der Projektgruppe ist die Förderung des Radverkehrs in der Josefstadt, insbesondere die Ausarbeitung eines umfassenden Radverkehrskonzepts soll die Situation fürs Radfahren verbessern.\n\nDas Konzept soll mit den Entscheidungsträger:innen erarbeitet und bei künftigen Verkehrsmaßnahmen berücksichtigt werden.\n\nAuch konkrete Einzelmaßnahmen sollen zur Umsetzung gebracht werden; wichtig ist vor allem eine Radverkehrsinfrastruktur die für alle Alters- und NutzerInnengruppen intuitiv nutzbar und attraktiv ist. Eine Erhöhung des Radverkehrsanteils muss ohne Benachteiligung der Fußgeher:innen passieren.\n\nDas Leitbild unserer Projektgruppe steht hier rechts als Download zur Verfügung.", "weblink": "https://la21.wien/graetzllabor/josefstadt/#mitmachen", "host": "Radfahren in der Josefstadt", "category": "initiative", "reccuring": "one_time", "layer": null, "path": null }, "geometry": { "type": "Point", "coordinates": [ 16.334112063431977, 48.140528900507306 ] } },
{ "type": "Feature", "properties": { "fid": 45, "id": 345, "timestamp_start": "2025-04-11T16:00:00.000Z", "timestamp_end": "2025-04-11T20:00:00.000Z", "title": "Projektgruppe: Radfahren in der Josefstadt", "description": "Das Ziel der Projektgruppe ist die Förderung des Radverkehrs in der Josefstadt, insbesondere die Ausarbeitung eines umfassenden Radverkehrskonzepts soll die Situation fürs Radfahren verbessern.\n\nDas Konzept soll mit den Entscheidungsträger:innen erarbeitet und bei künftigen Verkehrsmaßnahmen berücksichtigt werden.\n\nAuch konkrete Einzelmaßnahmen sollen zur Umsetzung gebracht werden; wichtig ist vor allem eine Radverkehrsinfrastruktur die für alle Alters- und NutzerInnengruppen intuitiv nutzbar und attraktiv ist. Eine Erhöhung des Radverkehrsanteils muss ohne Benachteiligung der Fußgeher:innen passieren.\n\nDas Leitbild unserer Projektgruppe steht hier rechts als Download zur Verfügung.", "weblink": "https://la21.wien/graetzllabor/josefstadt/#mitmachen", "host": "Radfahren in der Josefstadt", "category": "initiative", "reccuring": "one_time", "layer": null, "path": null }, "geometry": { "type": "Point", "coordinates": [ 16.334112063431977, 48.140528900507306 ] } },
{ "type": "Feature", "properties": { "fid": 46, "id": 348, "timestamp_start": "2025-06-08T08:00:00.000Z", "timestamp_end": "2025-06-08T10:00:00.000Z", "title": "Ottakring für alle – Sicher bewegt!", "description": "NULLInitiative für eine Verkehrsberuhigung und sichere Querungsmöglichkeiten der Wernhardtstraße.", "weblink": "https://wirmachen.wien/ottakring-fuer-alle-sicher-bewegt/", "host": "Ottakring für alle – Sicher bewegt!", "category": "initiative", "reccuring": "weekly", "layer": null, "path": null }, "geometry": { "type": "Point", "coordinates": [ 16.334112644139022, 48.140529186618771 ] } },
{ "type": "Feature", "properties": { "fid": 47, "id": 351, "timestamp_start": "2025-07-06T08:00:00.000Z", "timestamp_end": "2025-07-06T10:00:00.000Z", "title": "Ottakring für alle – Sicher bewegt!", "description": "NULLInitiative für eine Verkehrsberuhigung und sichere Querungsmöglichkeiten der Wernhardtstraße.", "weblink": "https://wirmachen.wien/ottakring-fuer-alle-sicher-bewegt/", "host": "Ottakring für alle – Sicher bewegt!", "category": "initiative", "reccuring": "weekly", "layer": null, "path": null }, "geometry": { "type": "Point", "coordinates": [ 16.334112644139022, 48.140529186618771 ] } },
{ "type": "Feature", "properties": { "fid": 48, "id": 347, "timestamp_start": "2025-06-15T08:00:00.000Z", "timestamp_end": "2025-06-15T10:00:00.000Z", "title": "Ottakring für alle – Sicher bewegt!", "description": "NULLInitiative für eine Verkehrsberuhigung und sichere Querungsmöglichkeiten der Wernhardtstraße.", "weblink": "https://wirmachen.wien/ottakring-fuer-alle-sicher-bewegt/", "host": "Ottakring für alle – Sicher bewegt!", "category": "initiative", "reccuring": "weekly", "layer": null, "path": null }, "geometry": { "type": "Point", "coordinates": [ 16.334112644139022, 48.140529186618771 ] } },
{ "type": "Feature", "properties": { "fid": 49, "id": 349, "timestamp_start": "2025-06-22T08:00:00.000Z", "timestamp_end": "2025-06-22T10:00:00.000Z", "title": "Ottakring für alle – Sicher bewegt!", "description": "NULLInitiative für eine Verkehrsberuhigung und sichere Querungsmöglichkeiten der Wernhardtstraße.", "weblink": "https://wirmachen.wien/ottakring-fuer-alle-sicher-bewegt/", "host": "Ottakring für alle – Sicher bewegt!", "category": "initiative", "reccuring": "weekly", "layer": null, "path": null }, "geometry": { "type": "Point", "coordinates": [ 16.334112644139022, 48.140529186618771 ] } },
{ "type": "Feature", "properties": { "fid": 50, "id": 350, "timestamp_start": "2025-06-29T08:00:00.000Z", "timestamp_end": "2025-06-29T10:00:00.000Z", "title": "Ottakring für alle – Sicher bewegt!", "description": "NULLInitiative für eine Verkehrsberuhigung und sichere Querungsmöglichkeiten der Wernhardtstraße.", "weblink": "https://wirmachen.wien/ottakring-fuer-alle-sicher-bewegt/", "host": "Ottakring für alle – Sicher bewegt!", "category": "initiative", "reccuring": "weekly", "layer": null, "path": null }, "geometry": { "type": "Point", "coordinates": [ 16.334112644139022, 48.140529186618771 ] } },
{ "type": "Feature", "properties": { "fid": 51, "id": 352, "timestamp_start": "2025-07-13T08:00:00.000Z", "timestamp_end": "2025-07-13T10:00:00.000Z", "title": "Ottakring für alle – Sicher bewegt!", "description": "NULLInitiative für eine Verkehrsberuhigung und sichere Querungsmöglichkeiten der Wernhardtstraße.", "weblink": "https://wirmachen.wien/ottakring-fuer-alle-sicher-bewegt/", "host": "Ottakring für alle – Sicher bewegt!", "category": "initiative", "reccuring": "weekly", "layer": null, "path": null }, "geometry": { "type": "Point", "coordinates": [ 16.334112644139022, 48.140529186618771 ] } },
{ "type": "Feature", "properties": { "fid": 52, "id": 346, "timestamp_start": "2025-07-20T08:00:00.000Z", "timestamp_end": "2025-07-20T10:00:00.000Z", "title": "Ottakring für alle – Sicher bewegt!", "description": "NULLInitiative für eine Verkehrsberuhigung und sichere Querungsmöglichkeiten der Wernhardtstraße.", "weblink": "https://wirmachen.wien/ottakring-fuer-alle-sicher-bewegt/", "host": "Ottakring für alle – Sicher bewegt!", "category": "initiative", "reccuring": "weekly", "layer": null, "path": null }, "geometry": { "type": "Point", "coordinates": [ 16.334112644139022, 48.140529186618771 ] } },
{ "type": "Feature", "properties": { "fid": 53, "id": 353, "timestamp_start": "2025-07-27T08:00:00.000Z", "timestamp_end": "2025-07-27T10:00:00.000Z", "title": "Ottakring für alle – Sicher bewegt!", "description": "NULLInitiative für eine Verkehrsberuhigung und sichere Querungsmöglichkeiten der Wernhardtstraße.", "weblink": "https://wirmachen.wien/ottakring-fuer-alle-sicher-bewegt/", "host": "Ottakring für alle – Sicher bewegt!", "category": "initiative", "reccuring": "weekly", "layer": null, "path": null }, "geometry": { "type": "Point", "coordinates": [ 16.334112644139022, 48.140529186618771 ] } },
{ "type": "Feature", "properties": { "fid": 54, "id": 354, "timestamp_start": "2025-06-01T08:00:00.000Z", "timestamp_end": "2025-06-01T10:00:00.000Z", "title": "Ottakring für alle – Sicher bewegt!", "description": "NULLInitiative für eine Verkehrsberuhigung und sichere Querungsmöglichkeiten der Wernhardtstraße.", "weblink": "https://wirmachen.wien/ottakring-fuer-alle-sicher-bewegt/", "host": "Ottakring für alle – Sicher bewegt!", "category": "initiative", "reccuring": "weekly", "layer": null, "path": null }, "geometry": { "type": "Point", "coordinates": [ 16.334112644139022, 48.140529186618771 ] } },
{ "type": "Feature", "properties": { "fid": 55, "id": 355, "timestamp_start": "2025-05-25T08:00:00.000Z", "timestamp_end": "2025-05-25T10:00:00.000Z", "title": "Ottakring für alle – Sicher bewegt!", "description": "NULLInitiative für eine Verkehrsberuhigung und sichere Querungsmöglichkeiten der Wernhardtstraße.", "weblink": "https://wirmachen.wien/ottakring-fuer-alle-sicher-bewegt/", "host": "Ottakring für alle – Sicher bewegt!", "category": "initiative", "reccuring": "weekly", "layer": null, "path": null }, "geometry": { "type": "Point", "coordinates": [ 16.334112644139022, 48.140529186618771 ] } },
{ "type": "Feature", "properties": { "fid": 56, "id": 356, "timestamp_start": "2025-05-18T08:00:00.000Z", "timestamp_end": "2025-05-18T10:00:00.000Z", "title": "Ottakring für alle – Sicher bewegt!", "description": "NULLInitiative für eine Verkehrsberuhigung und sichere Querungsmöglichkeiten der Wernhardtstraße.", "weblink": "https://wirmachen.wien/ottakring-fuer-alle-sicher-bewegt/", "host": "Ottakring für alle – Sicher bewegt!", "category": "initiative", "reccuring": "weekly", "layer": null, "path": null }, "geometry": { "type": "Point", "coordinates": [ 16.334112644139022, 48.140529186618771 ] } },
{ "type": "Feature", "properties": { "fid": 57, "id": 357, "timestamp_start": "2025-05-11T08:00:00.000Z", "timestamp_end": "2025-05-11T10:00:00.000Z", "title": "Ottakring für alle – Sicher bewegt!", "description": "NULLInitiative für eine Verkehrsberuhigung und sichere Querungsmöglichkeiten der Wernhardtstraße.", "weblink": "https://wirmachen.wien/ottakring-fuer-alle-sicher-bewegt/", "host": "Ottakring für alle – Sicher bewegt!", "category": "initiative", "reccuring": "weekly", "layer": null, "path": null }, "geometry": { "type": "Point", "coordinates": [ 16.334112644139022, 48.140529186618771 ] } },
{ "type": "Feature", "properties": { "fid": 58, "id": 358, "timestamp_start": "2025-05-04T08:00:00.000Z", "timestamp_end": "2025-05-04T10:00:00.000Z", "title": "Ottakring für alle – Sicher bewegt!", "description": "NULLInitiative für eine Verkehrsberuhigung und sichere Querungsmöglichkeiten der Wernhardtstraße.", "weblink": "https://wirmachen.wien/ottakring-fuer-alle-sicher-bewegt/", "host": "Ottakring für alle – Sicher bewegt!", "category": "initiative", "reccuring": "weekly", "layer": null, "path": null }, "geometry": { "type": "Point", "coordinates": [ 16.334112644139022, 48.140529186618771 ] } },
{ "type": "Feature", "properties": { "fid": 59, "id": 359, "timestamp_start": "2025-04-06T08:30:00.000Z", "timestamp_end": "2025-04-06T11:00:00.000Z", "title": "Döbling ", "description": "Die Latte liegt nach der Sternfahrt 2024 zur Radparade sehr hoch. Auch heuer werden wir uns aus mehreren Bezirksteilen Döblings zur Radparade am Ring aufmachen.", "weblink": "https://radeln.wien/sternfahrt-zur-radparade-2025/", "host": "Radeln in Döbling", "category": "protest", "reccuring": "one_time", "layer": null, "path": null }, "geometry": { "type": "Point", "coordinates": [ 16.334113755849863, 48.140528516967215 ] } },
{ "type": "Feature", "properties": { "fid": 60, "id": 360, "timestamp_start": "2025-03-28T06:20:00.000Z", "timestamp_end": "2025-03-28T11:00:00.000Z", "title": "Bici-Bus", "description": "Der Bici-Bus Döbling fährt seit April täglich aus Sievering und Nussdorf!", "weblink": "https://radeln.wien/bici_bus/", "host": "Ciclismo en Döbling", "category": "initiative", "reccuring": "monthly", "layer": null, "path": null }, "geometry": { "type": "Point", "coordinates": [ 16.334113683506434, 48.140528525009437 ] } },
{ "type": "Feature", "properties": { "fid": 61, "id": 361, "timestamp_start": "2025-04-25T05:20:00.000Z", "timestamp_end": "2025-04-25T10:00:00.000Z", "title": "Bici-Bus", "description": "Der Bici-Bus Döbling fährt seit April täglich aus Sievering und Nussdorf!", "weblink": "https://radeln.wien/bici_bus/", "host": "Ciclismo en Döbling", "category": "initiative", "reccuring": "monthly", "layer": null, "path": null }, "geometry": { "type": "Point", "coordinates": [ 16.334113683506434, 48.140528525009437 ] } },
{ "type": "Feature", "properties": { "fid": 62, "id": 363, "timestamp_start": "2025-06-20T05:20:00.000Z", "timestamp_end": "2025-06-20T10:00:00.000Z", "title": "Bici-Bus", "description": "Der Bici-Bus Döbling fährt seit April täglich aus Sievering und Nussdorf!", "weblink": "https://radeln.wien/bici_bus/", "host": "Ciclismo en Döbling", "category": "initiative", "reccuring": "monthly", "layer": null, "path": null }, "geometry": { "type": "Point", "coordinates": [ 16.334113683506434, 48.140528525009437 ] } },
{ "type": "Feature", "properties": { "fid": 63, "id": 362, "timestamp_start": "2025-05-23T05:20:00.000Z", "timestamp_end": "2025-05-23T10:00:00.000Z", "title": "Bici-Bus", "description": "Der Bici-Bus Döbling fährt seit April täglich aus Sievering und Nussdorf!", "weblink": "https://radeln.wien/bici_bus/", "host": "Ciclismo en Döbling", "category": "initiative", "reccuring": "monthly", "layer": null, "path": null }, "geometry": { "type": "Point", "coordinates": [ 16.334113683506434, 48.140528525009437 ] } },
{ "type": "Feature", "properties": { "fid": 64, "id": 364, "timestamp_start": "2025-05-10T13:00:00.000Z", "timestamp_end": "2025-05-10T15:00:00.000Z", "title": "10.5. Kidical Mass in Döbling", "description": "Gemeinsam und mit Polizeibegleitung geht es nun zum Währinger Park. Für Jüngere besteht hier bereits die Möglichkeit für eine längere Rast. Wer noch die Runde durch Währing drehen will, kann uns mit den Teilnehmenden der Währinger Kidical Mass gerne zum Aumannplatz und retour zum Währinger Park begleiten. Die gesamte Route ist rund 7 km lang und wird in ca. einer Stunde Fahrzeit zurückgelegt. Bei Bedarf gibt es eine gemeinsame Rückfahrt nach Oberdöbling. Hier ist die Route im Detail einsehbar. Die Kidical Mass ist als Demonstration angemeldet. Die Teilnahme erfolgt auf eigene Gefahr. Alle Teilnehmenden tragen selbst Sorge für die straßenverkehrstaugliche und verkehrssichere Ausrüstung ihrer Räder.\n\nDie Veranstaltung richtet sich an Familien mit Kindern im Volksschul-, Vorschul- sowie Kindergartenalter. Gemeinsam wird eine bunte und kindgerechte Rundfahrt mit viel Musik und Seifenblasen veranstaltet. Einen gemütlichen, gemeinsamen Ausklang gibt es dann im Währinger Park mit Picknick und Spielen. Die “Kidical Mass” setzt sich seit 2018 für kinderfreundliche und lebenswerte Städte ein. Besonders wichtig ist uns die Sicherheit auf den Alltagswegen der Kinder, den Wegen zu den Bildungsinstitutionen. Heuer findet dieser Kinder-Rad-Corso gleichzeitig in beinahe allen Wiener Bezirken statt.", "weblink": "https://radeln.wien/10-5-kidical-mass-start-in-doebling/", "host": "Radeln in Döbling", "category": "initiative", "reccuring": "one_time", "layer": null, "path": null }, "geometry": { "type": "Point", "coordinates": [ 16.334113826627586, 48.140528609608658 ] } },
{ "type": "Feature", "properties": { "fid": 65, "id": 365, "timestamp_start": "2025-06-06T15:00:00.000Z", "timestamp_end": "2025-06-06T17:00:00.000Z", "title": "Radeln For Future: Vorrang für aktive Mobilität", "description": "Ab 2027 soll der Steinitzsteg für fast 5 Jahre dem Autoverkehr geopfert werden. Zufußgehenden und Radfahrenden bleibt nur der Umweg über die Floridsdorfer Brücke.\nWir fordern: 1 Fahrspur muss für Zufußgehende und Radfahrende offen bleiben!\n\nAm Weg zum Steinitzsteg beradeln wir auch die wichtigen Achsen Wallensteinstraße – Gentzgasse und Liechtensteinstraße – Heiligenstädter Straße, auf denen durchgängige Radwege fehlen.", "weblink": "https://radelnforfuture.at/", "host": "Radeln For Future", "category": "protest", "reccuring": "one_time", "layer": null, "path": null }, "geometry": { "type": "Point", "coordinates": [ 16.334112364918312, 48.140528642547949 ] } },
{ "type": "Feature", "properties": { "fid": 66, "id": 366, "timestamp_start": "2025-05-02T15:00:00.000Z", "timestamp_end": "2025-05-02T17:00:00.000Z", "title": "Gürtel Bike Ride 2025", "description": "Wer hat sich noch nicht über den Radweg entlang des Gürtels geärgert? Alle paar hundert Meter muss die Seite gewechselt werden, beim Westbahnhof sogar über die Autofahrbahnen. Statt wie Autofahrende nur 2 Ampeln passieren zu müssen, warten auf Radfahrende gleich 7 Ampeln! Zufußgehende sind mit 5 Ampeln auch nicht viel besser dran.\n\nDas entspricht nicht unserer Vorstellung von einem fairen Miteinander im Verkehr. Warum werden ausgerechnet die Gruppen, die sich aktiv klimafreundlich fortbewegen, benachteiligt?\n\nAm Margartengürtel und Wiedner Gürtel gibt es nicht mal einen Radweg!\n\nDer Gürtel ist mehr als 11 km lang und eine wichtige Hauptverkehrsroute. Derzeit steht diese aber nur dem Kfz-Verkehr in einer attraktiven Weise zur Verfügung. Zwischen Eichenstraße und Landstraßer Hauptstraße gibt es nur sporadische Radwegteilstücke. Das muss sich ändern. Damit die Verkehrswende gelingt, muss in Wien ein dichtes Netz durchgängiger Radwege geschaffen werden.", "weblink": "https://radelnforfuture.at/guertel-bike-ride/", "host": "Radeln For Future", "category": "protest", "reccuring": "one_time", "layer": null, "path": null }, "geometry": { "type": "Point", "coordinates": [ 16.334111143584643, 48.140529095643387 ] } },
{ "type": "Feature", "properties": { "fid": 67, "id": 367, "timestamp_start": "2025-04-04T15:00:00.000Z", "timestamp_end": "2025-04-04T17:00:00.000Z", "title": "Future Bike Ride – it’s our future! ", "description": "Ende April wird in Wien gewählt. Die Demokratie lebt von der Beteiligung aller. Darum wollen wir den Menschen gemeinsam mit anderen Initiativen und Organisationen mit positiven Zukunftsvisionen viele Gründe geben, um wählen zu gehen, und der Politik zeigen, welche Themen den Menschen wichtig sind.", "weblink": "https://radelnforfuture.at/future-bike-ride/?cn-reloaded=1", "host": "Radeln For Future", "category": "protest", "reccuring": "one_time", "layer": null, "path": null }, "geometry": { "type": "Point", "coordinates": [ 16.334111901641673, 48.140528761855734 ] } },
{ "type": "Feature", "properties": { "fid": 68, "id": 368, "timestamp_start": "2025-03-20T23:00:00.000Z", "timestamp_end": "2025-12-30T23:00:00.000Z", "title": "Grünspur statt Parkspur!", "description": "Das Cabriobeet ist seit 2021 ein Symbol\nfür die klimschädlichen Privilegien von Autos in Wien. \n\nDer Wohnraum in Wien wird immer teurer, Parkraum wird aber verschenkt: Für  läppische 10€/Monat kann mit einem Auto öffentlicher Raum privatisiert werden. Wäre es nicht gerecht, ähnlich unkompliziert & billig ein Hochbeet aufstellen zu können? Aktuell gibt es dafür keine rechtliche Grundlage – befindet sich ein Cabrio unter dem Hochbeet, ist das alles aber kein Problem.\n\nDabei müssten wir gerade im Verkehrssektor die CO2-Emissionen dringend senken. Die Stadt Wien möchte in ihrem Klimafahrplan bis 2030 die Anzahl der Autofahrten in der Stadt halbieren. Maßnahmen dafür gibt es keine, außerdem wird an klimaschädlichen Autobahnprojekten im Nord-Osten der Stadt festgehalten.", "weblink": "http://www.cabriobeet.net/", "host": "Cabriobeet", "category": "protest", "reccuring": "daily", "layer": null, "path": null }, "geometry": { "type": "Point", "coordinates": [ 16.33411274435139, 48.140528719698374 ] } },
{ "type": "Feature", "properties": { "fid": 69, "id": 369, "timestamp_start": "2025-06-04T16:30:00.000Z", "timestamp_end": "2025-06-04T18:00:00.000Z", "title": "Das Radlobby 21 Treffen", "description": "Wir veranstalten einmal im Jahr eine öffentliche Radrundfahrt, um das Potential aber auch die Schwachstellen im Radverkehr in Floridsdorf stärker sichtbar zu machen, aber auch kleinere Exkursionen zu konkreten Problemstellen, um vor Ort mögliche Lösungen zu besprechen.", "weblink": "https://www.radlobby.at/wien/floridsdorf", "host": "Radlobby Floridsdorf", "category": "initiative", "reccuring": "monthly", "layer": null, "path": null }, "geometry": { "type": "Point", "coordinates": [ 16.334113908791149, 48.140527986441207 ] } },
{ "type": "Feature", "properties": { "fid": 70, "id": 370, "timestamp_start": "2025-07-02T16:30:00.000Z", "timestamp_end": "2025-07-02T18:00:00.000Z", "title": "Das Radlobby 21 Treffen", "description": "Wir veranstalten einmal im Jahr eine öffentliche Radrundfahrt, um das Potential aber auch die Schwachstellen im Radverkehr in Floridsdorf stärker sichtbar zu machen, aber auch kleinere Exkursionen zu konkreten Problemstellen, um vor Ort mögliche Lösungen zu besprechen.", "weblink": "https://www.radlobby.at/wien/floridsdorf", "host": "Radlobby Floridsdorf", "category": "initiative", "reccuring": "monthly", "layer": null, "path": null }, "geometry": { "type": "Point", "coordinates": [ 16.334113908791149, 48.140527986441207 ] } },
{ "type": "Feature", "properties": { "fid": 71, "id": 371, "timestamp_start": "2025-05-07T16:30:00.000Z", "timestamp_end": "2025-05-07T18:00:00.000Z", "title": "Das Radlobby 21 Treffen", "description": "Wir veranstalten einmal im Jahr eine öffentliche Radrundfahrt, um das Potential aber auch die Schwachstellen im Radverkehr in Floridsdorf stärker sichtbar zu machen, aber auch kleinere Exkursionen zu konkreten Problemstellen, um vor Ort mögliche Lösungen zu besprechen.", "weblink": "https://www.radlobby.at/wien/floridsdorf", "host": "Radlobby Floridsdorf", "category": "initiative", "reccuring": "monthly", "layer": null, "path": null }, "geometry": { "type": "Point", "coordinates": [ 16.334113908791149, 48.140527986441207 ] } },
{ "type": "Feature", "properties": { "fid": 72, "id": 372, "timestamp_start": "2025-04-08T08:00:00.000Z", "timestamp_end": "2025-04-08T12:00:00.000Z", "title": "Verkehrspolitisches Wahlbarometer zur Wien-Wahl 2025", "description": "Mehr Platz für Baum, Fuß und Rad! Das war der Slogan der größten Verkehrsinitiative Wiens im Jahr 2020. “Platz für Wien” hatte anlässlich der Wien-Wahl vor fünf Jahren 18 zentrale verkehrspolitische Maßnahmen entwickelt und die Positionierung von Parteien und Bezirksvorstehungen eingefordert. 57.000 Wiener:innen haben diese Anliegen unterzeichnet.", "weblink": "https://geht-doch.wien/2025/04/08/verkehrspolitisches-wahlbarometer-zur-wien-wahl-2025/", "host": " \ngeht-doch.wien", "category": "initiative", "reccuring": "initiaitve", "layer": null, "path": null }, "geometry": { "type": "Point", "coordinates": [ 16.334112477551137, 48.140528031627014 ] } },
{ "type": "Feature", "properties": { "fid": null, "id": 300821, "timestamp_start": "2025-06-23", "timestamp_end": "2025-06-23", "title": "Niederlassungsrecht und Staatsbürgerschaft", "description": "In welcher „rechtlichen Matrix“ bewegen sich Migrant_innen in Österreich? Welche Angehörige können sie unter welchen Voraussetzungen nach Österreich holen? Wann erhalten sie die österreichische Staatsbürgerschaft? Wie unterscheidet sich ihr Status von jenem der Asylwerber_innen? Das Niederlassungsrecht wird ausführlich behandelt, um die rechtliche Situation von Klient_innen rasch erfassen zu können.", "weblink": "https://www.wienxtra.at/ifp/event/36230/?return_url=%2Ferwachsene%2F", "host": "WIENXTRA", "category": "workshop", "reccuring": "one_time", "layer": "2ndtry — dididoitcorrectly", "path": "C:/Users/dario/Downloads/2ndtry.geojson" }, "geometry": { "type": "Point", "coordinates": [ 16.343693624743594, 48.211632789556404 ] } },
{ "type": "Feature", "properties": { "fid": null, "id": 300822, "timestamp_start": "2025-06-23", "timestamp_end": "2025-06-23", "title": "Überblick über das Asylrecht", "description": "Die Bildungsveranstaltung bietet einen Überblick über die verschiedenen Fluchtgründe und soll Grundkenntnisse des Asylrechts vermitteln. Dabei liegt der Hauptfokus auf der Darstellung der rechtlichen Rahmenbedingungen (Genfer Flüchtlingskonvention, österreichische Rechtslage) sowie des Ablaufs des Asylverfahrens, damit die Teilnehmer_innen ein grundlegendes Verständnis für diese komplexen Prozesse erhalten. Des Weiteren wird ein Einblick in die Vielfalt der Aufenthaltstitel und -dokumente gegeben, die für Asylsuchende und Flüchtlinge relevant sind. Hierbei werden auch die damit verbundenen sozialen Rechte beleuchtet.", "weblink": "https://www.wienxtra.at/ifp/event/36229/?return_url=%2Ferwachsene%2F", "host": "WIENXTRA", "category": "workshop", "reccuring": "one_time", "layer": "2ndtry — dididoitcorrectly", "path": "C:/Users/dario/Downloads/2ndtry.geojson" }, "geometry": { "type": "Point", "coordinates": [ 16.343646380336892, 48.211633934384743 ] } },
{ "type": "Feature", "properties": { "fid": null, "id": 300823, "timestamp_start": "2025-06-24", "timestamp_end": "2025-06-25", "title": "Bis hier hin und nicht weiter!", "description": "In der Offenen Jugendarbeit bin ich in vielen Rollen gefragt. Neben meiner Professionalität auch als Mensch mit meinem Denken, meinen Vorstellungen und meinen Regeln. Das alles wird ständig auf die Probe gestellt. Sowohl im Jugendzentrum als auch im öffentlichen Raum halten sich Jugendliche nicht immer an soziale Regeln oder Vereinbarungen. Es werden persönliche Grenzen aber auch gesetzliche Bestimmungen ausgelotet oder sogar überschritten, was in Einzelfällen zu kriminellen Handlungen führen kann. Mit welchem Selbstbewusstsein und welcher Sicherheit kann ich auftreten, um mit den Grenzüberschreitungen der Jugendlichen konstruktiv umgehen zu können? Wie kann ich auf Regelverstöße reagieren? Welche Handlungsoptionen habe ich? Wie werden Grenzen so gesetzt, dass sie geachtet werden? Wie viel darf oder muss ich aushalten?", "weblink": "https://www.wienxtra.at/ifp/event/36222/?return_url=%2Ferwachsene%2F", "host": "WIENXTRA", "category": "workshop", "reccuring": "one_time", "layer": "2ndtry — dididoitcorrectly", "path": "C:/Users/dario/Downloads/2ndtry.geojson" }, "geometry": { "type": "Point", "coordinates": [ 16.343678162937767, 48.211608175740814 ] } },
{ "type": "Feature", "properties": { "fid": null, "id": 30081, "timestamp_start": "2025-06-15", "timestamp_end": "2025-06-16", "title": "Artikulationen der Demokratiebildung", "description": "Wir freuen uns, zur Tagung Artikulationen der Demokratiebildung am 15. und 16. Mai 2025 in Wien einzuladen. Ziel der Tagung ist es, das Verhältnis von Sprache, Demokratie und Bildung zu beleuchten. Es sollen theoretische, empirische und didaktische Perspektiven in Dialog gebracht werden.", "weblink": "https://www.demokratiezentrum.org/termine/artikulationen-der-demokratiebildung/", "host": "Arbeitsbereich Didaktik der Politischen Bildung, Arbeitsbereich Sprachlehr- und -lernforschung, Arbeitsbereich Geschichtsdidaktik der Universität Wien und Demokratiezentrum Wien", "category": "pol_education", "reccuring": "one_time", "layer": "2ndtry — dididoitcorrectly", "path": "C:/Users/dario/Downloads/2ndtry.geojson" }, "geometry": { "type": "Point", "coordinates": [ 16.384144275225538, 48.211565208811237 ] } },
{ "type": "Feature", "properties": { "fid": null, "id": 30082, "timestamp_start": "2025-06-14", "timestamp_end": "2025-06-14", "title": "Verrückte Welt: Politische Bildung in herausfordernden Zeiten", "description": "Die Welt scheint aus den Fugen geraten zu sein – es ist eine verrückte Welt, die sich in zahlreichen Krisen manifestiert. Kriege in Europa, im sogenannten Nahen Osten, Klimakatastrophen, soziale Ungerechtigkeiten im globalen Maßstab, verschärft durch Populismus/Antisemitismus/Rassismus und Sexismus und verstärkt durch digitale Desinformation, sind Beispiele dafür. Demokratische Orientierung im Denken und Handeln wird erschwert. Vor dem Hintergrund dieser Verunsicherungen gewinnt Politische Bildung erheblich an Bedeutung. Der internationale Workshop befasst sich mit diesen Herausforderungen und gibt Gelegenheit, um Möglichkeitsräume zu diskutieren. Wie können politische Orientierungs-, Urteils- und Kritikfähigkeit gefördert werden, um beispielsweise Informationen zu hinterfragen, Zusammenhänge zu erkennen sowie schließlich Vernetzungen und Handlungsperspektiven zu entwickeln?", "weblink": "https://www.demokratiezentrum.org/termine/verrueckte-welt-politische-bildung-in-herausfordernden-zeiten/", "host": "Univ.-Prof. Dr. Dirk Lange (Arbeitsbereich Didaktik der Politischen Bildung/Universität Wien; Demokratiezentrum Wien), Prof. Dr.in Waltraud Meints-Stender (Hochschule Niederrhein; Demokratiezentrum Wien), Dr.in Lara Kierot (Arbeitsbereich Didaktik der Pol. Bildung/Universität Wien)", "category": "pol_education", "reccuring": "one_time", "layer": "2ndtry — dididoitcorrectly", "path": "C:/Users/dario/Downloads/2ndtry.geojson" }, "geometry": { "type": "Point", "coordinates": [ 16.363519746040716, 48.219534401340368 ] } },
{ "type": "Feature", "properties": { "fid": null, "id": 30083, "timestamp_start": "2025-05-05", "timestamp_end": "2025-05-05", "title": "Demokratiebildung – Wohin?", "description": "Diese Veranstaltung widmet sich dem Beitrag „Demokratiebildung. Konzepte, Strategien und Perspektiven“ von Dirk Lange, Lara Kierot, Britta Breser und Wolfgang Beutel im neu erschienenen Nationalen Bildungsbericht 2024 für Österreich. Der Beitrag befasste sich mit Demokratiebildung als Bezugsgröße Politischer Bildung in Österreich, der Blick wurde hierbei insbesondere auf die Schule gelegt. Aufgezeigt wurden relevante Entwicklungen im Laufe der letzten Jahre sowie schließlich der notwendige Veränderungsbedarf für die Demokratiebildung in Österreich. Im Rahmen der Veranstaltung wird Einblick in Erkenntnisse und entwickelte Empfehlungen zu ausgewählten Bereichen gegeben und zu einem gemeinsamen Gespräch eingeladen.", "weblink": "https://www.demokratiezentrum.org/termine/demokratiebildung-wohin/", "host": "Demokratiezentrum Wien, Arbeitsbereich Didaktik der Politischen Bildung der Universität Wien", "category": "pol_education", "reccuring": "one_time", "layer": "2ndtry — dididoitcorrectly", "path": "C:/Users/dario/Downloads/2ndtry.geojson" }, "geometry": { "type": "Point", "coordinates": [ 16.363500830744943, 48.2195356616254 ] } },
{ "type": "Feature", "properties": { "fid": null, "id": 30084, "timestamp_start": "2020-12-23", "timestamp_end": "2040-06-13", "title": "Demokratiewerkstatt ", "description": "Die Demokratiewerkstatt bietet sieben unterschiedliche Workshops im Parlament an, um junge Menschen für Demokratie zu begeistern. ", "weblink": "https://www.parlament.gv.at/erleben/demokratiebildung/demokratiewerkstatt/werkstaetten", "host": "Parlament Österreich", "category": "workshop", "reccuring": "one_time", "layer": "2ndtry — dididoitcorrectly", "path": "C:/Users/dario/Downloads/2ndtry.geojson" }, "geometry": { "type": "Point", "coordinates": [ 16.359034298903612, 48.208006956767306 ] } },
{ "type": "Feature", "properties": { "fid": null, "id": 30085, "timestamp_start": "2019-06-11", "timestamp_end": "2030-06-11", "title": "J.at - Jugendtreff alte Trafik", "description": "RAUS AUS DEM GRAUEN ALLTAG\n\nwe proudly present - unsere Außenfassade!\n\nbunt und vielfältig- wie auch wir sind - sind wir mittendrin am Volkertplatz\n\nUnd ihr seid herzlich willkommen ins J.at zu kommen!\n\nWir sind auch immer in den Parks und am Volkertplatz zu treffen.", "weblink": "https://www.jugendzentren.at/standorte/jat/", "host": "Verein Wiener Jugendzentren", "category": "initiative", "reccuring": "initiative", "layer": "2ndtry — dididoitcorrectly", "path": "C:/Users/dario/Downloads/2ndtry.geojson" }, "geometry": { "type": "Point", "coordinates": [ 16.406555287978218, 48.223273872928857 ] } },
{ "type": "Feature", "properties": { "fid": null, "id": 30086, "timestamp_start": "2021-06-02", "timestamp_end": "2032-06-16", "title": "Jugendtreff Nordbahnhof", "description": "Der Jugendtreff Nordbahnhof ist eine Jugendeinrichtung im Stadtentwicklungsgebiet Nordbahnhof. Er bietet auf mehreren Ebenen neben einem zentralen Jugendcafébereich mehrere Räume für Gruppenaktivitäten. Durch die unmittelbare Anbindung des Gemeinschaftsraumes im Haus lassen sich die Angebotsflächen im Jugendtreff erweitern bzw. können die Kellerräume auch den Bewohner:innen des Hauses zur Verfügung gestellt werden. Die jugendadäquate  Ausstattung (Billard, Tischfußball, Tischtennis, Musikanlage, Brettspiele, Internetzugang etc.) steht kostenlos zur Verfügung.", "weblink": "https://www.jugendzentren.at/standorte/nordbahnhof/", "host": "Verein Wiener Jugendzentren ", "category": "initiative", "reccuring": "initiative", "layer": "2ndtry — dididoitcorrectly", "path": "C:/Users/dario/Downloads/2ndtry.geojson" }, "geometry": { "type": "Point", "coordinates": [ 16.396472201627915, 48.228542169255419 ] } },
{ "type": "Feature", "properties": { "fid": null, "id": 30087, "timestamp_start": "2020-06-03", "timestamp_end": "2031-06-05", "title": "J.at - Jugendtreff alte Trafik", "description": "RAUS AUS DEM GRAUEN ALLTAG\n\nwe proudly present - unsere Außenfassade!\n\nbunt und vielfältig- wie auch wir sind - sind wir mittendrin am Volkertplatz\n\nUnd ihr seid herzlich willkommen ins J.at zu kommen!\n\nWir sind auch immer in den Parks und am Volkertplatz zu treffen.", "weblink": "https://www.jugendzentren.at/standorte/jat/", "host": "Verein Wiener Jugendzentren", "category": "initiative", "reccuring": "initiative", "layer": "2ndtry — dididoitcorrectly", "path": "C:/Users/dario/Downloads/2ndtry.geojson" }, "geometry": { "type": "Point", "coordinates": [ 16.386931363274208, 48.223041776919452 ] } },
{ "type": "Feature", "properties": { "fid": null, "id": 30088, "timestamp_start": "2018-06-20", "timestamp_end": "2032-06-16", "title": "Zentrum 9", "description": "In unserem Jugendzentrum direkt beim Lichtentalerpark haben wir ein gemütliches Jugendcafé mit Kochmöglichkeit, täglichem Jausenangebot und mit vielen, verschiedenen Brett- und Karten-Spielen. Die Disco mit DJ-Pult und Lichtanlage ist für Musik und zum Tanzen bestens ausgestattet.", "weblink": "https://www.jugendzentren.at/standorte/zentrum9/", "host": "Verein Wiener Jugendzentren", "category": "initiative", "reccuring": "initiative", "layer": "2ndtry — dididoitcorrectly", "path": "C:/Users/dario/Downloads/2ndtry.geojson" }, "geometry": { "type": "Point", "coordinates": [ 16.3573682448447, 48.227531134323961 ] } },
{ "type": "Feature", "properties": { "fid": null, "id": 30089, "timestamp_start": "2014-06-11", "timestamp_end": "2037-06-10", "title": "Back on Stage 16/17", "description": "Back on Stage 16/17 bietet Mobile Jugendarbeit im 16. und 17. Wiener Gemeindebezirk. Die Anlaufstelle von BoS 16/17 befindet sich in der Hernalser Hauptstraße 24, wenige Gehminuten von der U6-Station Alserstraße entfernt. Unsere ca. 250 m² große Einrichtung bietet neben einem Aufenthaltsraum für Jugendliche mit PCs, Wuzzler und Fernseher, ein Tonstudio und einen Videoschnittraum. Weiters gibt es noch Büroräumlichkeiten und eine Küche. ", "weblink": "https://www.jugendzentren.at/standorte/bos16-17/", "host": "Verein Wiener Jugendzentren", "category": "initiative", "reccuring": "initiative", "layer": "2ndtry — dididoitcorrectly", "path": "C:/Users/dario/Downloads/2ndtry.geojson" }, "geometry": { "type": "Point", "coordinates": [ 16.339198392980759, 48.21713306541897 ] } },
{ "type": "Feature", "properties": { "fid": null, "id": 300810, "timestamp_start": "2012-06-20", "timestamp_end": "2038-06-30", "title": "Musisches Zentrum Wien", "description": "Das Musische Zentrum Wien, gegründet 1976 von Doris Tarlowski, ist ein offenes Haus voller Kunst und Kreativität für Kinder und Jugendliche mit allen Frei- und Spielräumen für die fantasievolle Auseinandersetzung mit Musik, Tanz, Theater und mehr – ein offenes Haus für ästhetische Praxis mit Lust am Experiment.", "weblink": "https://www.jugendzentren.at/standorte/musisches-zentrum/", "host": "Verein Wiener Jugendzentren", "category": "initiative", "reccuring": "initiative", "layer": "2ndtry — dididoitcorrectly", "path": "C:/Users/dario/Downloads/2ndtry.geojson" }, "geometry": { "type": "Point", "coordinates": [ 16.350013059728717, 48.207871516376805 ] } },
{ "type": "Feature", "properties": { "fid": null, "id": 300811, "timestamp_start": "2012-06-20", "timestamp_end": "2038-06-16", "title": "Flash Mädchencafé", "description": "Das flash ist ein partizipatives Mädchen*café, ein Raum nur für Mädchen* und junge Frauen*, die ihre Freizeit hier verbringen wollen. Auf 120 m2 gibt es im Cafébereich eine Bar, PCs mit Internet, WIFI, die Schreibwand und Infomaterial. In der Disco gibt es eine Bühne mit Musikanlage, Beamer, Spiegel für Tanzen, Singen und Bewegung, sowie einen Wuzzler. Im Chillraum, mit Hochbett und Boxsack, kann man sich auch mal zurückziehen oder austoben. Im Hof gibt es eine Graffitiwand und den Mini-Garten. Der Gehsteig vor dem flash kann im Sommer mitgenutzt werden.", "weblink": "https://www.jugendzentren.at/standorte/flash/", "host": "Verein Wiener Jugendzentren", "category": "initiative", "reccuring": "initiative", "layer": "2ndtry — dididoitcorrectly", "path": "C:/Users/dario/Downloads/2ndtry.geojson" }, "geometry": { "type": "Point", "coordinates": [ 16.345117681167171, 48.20117664248702 ] } },
{ "type": "Feature", "properties": { "fid": null, "id": 300812, "timestamp_start": "2013-06-12", "timestamp_end": "2034-06-07", "title": "Jugendzentrum come2gether", "description": "Das Jugend- und Stadtteilzentrum come2gether ist eine \"eierlegende Wollmilchsau\" auf 3 Ebenen:\n\n    Veranstaltungssaal / Disco\n    Jugend- / Frauentreff\n    Lern-,  Gruppen- und Medienräume\n\nDementsprechend vielfältig ist das Angebot: Neben den „klassischen“ Jugendzentrumsangeboten gibt es Montag und Mittwoch Lernhilfe im Lernraum, einen 3D-Drucker und einen Plotter im Café und ein Studio, in dem Jugendliche an ihren eigenen Songs feilen können. Zudem nutzen derzeit elf verschiedene Gruppen - vom selbstorganisierten Jugendtanztraining über Selbstverteidigungsgruppen bis zur Jongliergruppe - unseren Saal, in dem auch diverse Bewegungsangebote für Frauen stattfinden.", "weblink": "https://www.jugendzentren.at/standorte/c2g/", "host": "Verein Wiener Jugendzentren", "category": "initiative", "reccuring": "initiative", "layer": "2ndtry — dididoitcorrectly", "path": "C:/Users/dario/Downloads/2ndtry.geojson" }, "geometry": { "type": "Point", "coordinates": [ 16.402621718014004, 48.19365799908752 ] } },
{ "type": "Feature", "properties": { "fid": null, "id": 300813, "timestamp_start": "2012-06-15", "timestamp_end": "2034-06-14", "title": "Back on Stage 5", "description": "Back on Stage 5 (BoS 5) ist die Mobile Jugendarbeit im 5. Wiener Gemeindebezirk. Die Anlaufstelle von BoS 5 befindet sich in der Nähe des Margaretenplatz in der Strobachgasse gegenüber vom Fitnesscenter John Harris. Unsere ca. 100 m2 große Einrichtung bietet neben einem Aufenthaltsraum für Jugendliche, PS4, Beamer und Box-Sack auch ein Tonstudio, eine Küche sowie Büroräumlichkeiten mit PC´s.", "weblink": "https://www.jugendzentren.at/standorte/bos5/", "host": "Verein Wiener Jugendzentren", "category": "initiative", "reccuring": "initiative", "layer": "2ndtry — dididoitcorrectly", "path": "C:/Users/dario/Downloads/2ndtry.geojson" }, "geometry": { "type": "Point", "coordinates": [ 16.358708718244124, 48.192587711717543 ] } },
{ "type": "Feature", "properties": { "fid": null, "id": 300814, "timestamp_start": "2006-06-02", "timestamp_end": "2035-06-02", "title": "Jugendtreff Sovie", "description": "Der Jugendtreff SOVIE liegt im Sonnwendviertel in der Nähe des Wiener Hauptbahnhofs im Bildungscampus Sonnwendviertel im Untergeschoss.\n\nEr besteht aus einem 120 m² großen Raum mit Küche und einem Jugendcafébereich.\n\nWir haben....\n\n    Tischtennis\n    Wuzzeln\n    Playstation\n    Werkraum\n    Internetzugänge\n    W-Lan\n    Dj - Equipment\n    Kochmöglichkeiten\n    vieles mehr......\n", "weblink": "https://www.jugendzentren.at/standorte/sovie/", "host": "Verein Wiener Jugendzentren", "category": "initiative", "reccuring": "initiative", "layer": "2ndtry — dididoitcorrectly", "path": "C:/Users/dario/Downloads/2ndtry.geojson" }, "geometry": { "type": "Point", "coordinates": [ 16.384506393881566, 48.178352783745808 ] } },
{ "type": "Feature", "properties": { "fid": null, "id": 300815, "timestamp_start": "2006-06-02", "timestamp_end": "2035-06-02", "title": "Jugendtreff Arthaberbad", "description": "In Innerfavoriten ist immer etwas los, und wir sind mittendrin. In den Parks der näheren Umgebung sind wir regelmäßig aktiv, wenn wir nicht gerade in unserem schönen ehemaligen Freibad freizeitpädagogische Angebote von Akrobatik bis Batik gestalten. Wir orientieren uns an den Themen und Bedürfnissen der Besucher:innen der AHB und ergänzen sie mit einem Genderblick, einer antirassistischen sowie feministischen Grundhaltung und Parteilichkeit gegenüber der Zielgruppe.\n", "weblink": "https://www.jugendzentren.at/standorte/arthaberbad/", "host": "Verein Wiener Jugendzentren", "category": "initiative", "reccuring": "initiative", "layer": "2ndtry — dididoitcorrectly", "path": "C:/Users/dario/Downloads/2ndtry.geojson" }, "geometry": { "type": "Point", "coordinates": [ 16.371940781088696, 48.173003565471944 ] } },
{ "type": "Feature", "properties": { "fid": null, "id": 300816, "timestamp_start": "2025-06-16", "timestamp_end": "2025-06-18", "title": "Wiener Ehrenamtswoche", "description": "Kinder und Jugendliche wollen mithelfen, mitgestalten und sich für die Gesellschaft, die Umwelt, und für Wien engagieren – also unterstützen wir sie auch 2025 wieder dabei!\n\nKurz vor den Sommerferien von Mo, 16. - Mi, 18. Juni und Mo, 23. - Mi, 25. Juni heißt’s daher im Rahmen der fünften Wiener Ehrenamtswoche für Wien’s Schulklassen wieder „Einfach machen!“\n\nGemeinnützige Projekte unterschiedlicher Organisationen, Vereine, NGOs sowie von der Stadt Wien laden Schulklassen dazu ein, mitanzupacken und sich für die Gesellschaft, die Umwelt und die Stadt stark zu machen.", "weblink": "https://www.wienxtra.at/schulevents/wiener-ehrenamtswoche/", "host": "Wienxtra", "category": "participation", "reccuring": "one_time", "layer": "2ndtry — dididoitcorrectly", "path": "C:/Users/dario/Downloads/2ndtry.geojson" }, "geometry": { "type": "Point", "coordinates": [ 16.358575428233788, 48.21066247116439 ] } },
{ "type": "Feature", "properties": { "fid": null, "id": 300817, "timestamp_start": "2025-06-12", "timestamp_end": "2025-06-13", "title": "Lehrgang Politische Erwachsenenbildung 2025", "description": "Gleichheit in Differenz – soziale Gerechtigkeit – Intersektionalität:\n\n    Feministische Theorie und (politische) Praxis als Paradigma neuer sozialer Bewegungen; Geschichte der Frauenbewegungen\n    Diversität, Ungleichheit, Diskriminierung und Antidiskriminierung\n    intersektionale Analyse der sozialen Verhältnisse und soziale Gerechtigkeit\n    Gleichheit und Differenz als Gegenstand und als didaktische Leitlinie der pEB: Grundzüge einer differenzbewussten Didaktik \n\n    (Inputs; interaktive Sozialformen; Exkursion)\n", "weblink": "https://politischebildung.at/veranstaltungskalender/veranstaltungskalender-oegpb/?dat=2025-06-12#evtdet42379", "host": "Österreichischen Gesellschaft für Politische Bildung", "category": "pol_education", "reccuring": "one_time", "layer": "2ndtry — dididoitcorrectly", "path": "C:/Users/dario/Downloads/2ndtry.geojson" }, "geometry": { "type": "Point", "coordinates": [ 16.431872816646599, 48.205631576823023 ] } },
{ "type": "Feature", "properties": { "fid": null, "id": 300819, "timestamp_start": "2025-10-02", "timestamp_end": "2025-10-03", "title": "Kritische Medienkompetenz. Politische Erwachsenenbildung im digitalen Zeitalter", "description": "Mag. Helmut Peissl, Studium der Medien- und Kommunikationswissenschaft an der Alpen-Adria-Universität Klagenfurt; Leitung von Studien zum nichtkommerziellen Rundfunk in Österreich und Europa mit Schwerpunkt auf Medien und Mehrsprachigkeit, Lebensbegleitendes Lernen und Public Value, leitet seit 2010 das Community Medien Institut COMMIT (www.commit.at); externer Trainer der ÖGPB\nMag. Simon Olipitz, BA hat Publizistik und Kommunikationswissenschaft an der Universität Wien und Medienmanagement an der FH St. Pölten studiert. Seit 2017 Mitarbeiter von COMMIT in den Bereichen Bildungsmanagement und Kritische Medienkompetenz; externer Trainer der ÖGPB", "weblink": "https://politischebildung.at/veranstaltungskalender/veranstaltungskalender-oegpb/?dat=2025-10-02#evtdet42374", "host": "Österreichischen Gesellschaft für Politische Bildung", "category": "pol_education", "reccuring": "one_time", "layer": "2ndtry — dididoitcorrectly", "path": "C:/Users/dario/Downloads/2ndtry.geojson" }, "geometry": { "type": "Point", "coordinates": [ 16.375650181490062, 48.192449380492157 ] } },
{ "type": "Feature", "properties": { "fid": null, "id": 300820, "timestamp_start": "2025-06-01", "timestamp_end": "2027-06-01", "title": "Caritas Workshops Demokratiekultur", "description": "In den Workshops zu Demokratiekultur und Medienkompetenzen vermittelt Missing Link geflüchteten Jugendlichen Möglichkeiten und Grenzen der Demokratie, klärt auf über das politische Leben und Partizipation in Österreich, über Gleichberechtigung in Familie und Partnerschaft sowie über den Umgang mit sozialen Medien. Im Fokus steht die Vermittlung grundlegenden Wissens über Gesellschaft in Österreich. Demokratiekultur und Meinungsfreiheit, aber auch deren Grenzen, sollen durch einen gemeinsamen, geschützten Diskussionsrahmen erfahrbar gemacht werden.", "weblink": "https://www.caritas-wien.at/hilfe-angebote/asyl-integration/miteinander/aktuelle-projekte/workshops-demokratiekultur/", "host": "Caritas der Erzdiözese Wien", "category": "workshop", "reccuring": "monthly", "layer": "2ndtry — dididoitcorrectly", "path": "C:/Users/dario/Downloads/2ndtry.geojson" }, "geometry": { "type": "Point", "coordinates": [ 16.365286036584035, 48.249999349723616 ] } },
{ "type": "Feature", "properties": { "fid": null, "id": 300830, "timestamp_start": "2025-06-14", "timestamp_end": "2025-06-14", "title": "Regenbogenparade 2025 (Vienna Pride Parade)", "description": "The Regenbogenparade (Vienna Pride Parade) on 14 June 2025 is the largest annual political demonstration of the LGBTIQ community in Austria, where LGBTQ+ individuals and allies march for acceptance and equal rights. Hosted by HOSI Wien (Vienna Pride), participants are encouraged to join with banners and posters to voice their demands for respect and equality.", "weblink": "https://viennapride.at/regenbogenparade/", "host": "HOSI Wien (Vienna Pride)", "category": "protest", "reccuring": "one_time", "layer": "2ndtry — dididoitcorrectly", "path": "C:/Users/dario/Downloads/2ndtry.geojson" }, "geometry": { "type": "Point", "coordinates": [ 16.3542, 48.2065 ] } },
{ "type": "Feature", "properties": { "fid": null, "id": 300832, "timestamp_start": "2025-05-15", "timestamp_end": "2025-06-26", "title": "Salon Servus (Social Gathering for Seniors)", "description": "Salon Servus is a free social gathering for residents age 60+ in Donaustadt, organized by Gebietsbetreuung Stadterneuerung. Held every two weeks (Thursday mornings), it offers games and group activities to foster neighborhood connections and community networks. The meetings are open to all seniors and strengthen communal ties in a relaxed atmosphere.", "weblink": "https://www.gbstern.at/themen-projekte/salon-servus/", "host": "Gebietsbetreuung Stadterneuerung", "category": "workshop", "reccuring": "weekly", "layer": "2ndtry — dididoitcorrectly", "path": "C:/Users/dario/Downloads/2ndtry.geojson" }, "geometry": { "type": "Point", "coordinates": [ 16.435, 48.243 ] } },
{ "type": "Feature", "properties": { "fid": null, "id": 300833, "timestamp_start": "2025-06-26", "timestamp_end": "2025-06-26", "title": "Repaircafé – 48er-Tandler Margareten", "description": "The 48er-Tandler Margareten hosts a free Repair Café on 26 June 2025 (14:00–18:00), where volunteers repair small broken electrical appliances and textiles for patrons. This event promotes circular economy and resource reuse, requiring prior sign-up for electronics repairs. It is organized by the city’s MA 48 (Wiener Altwarenmarkt) and open to all.", "weblink": "https://48ertandler.wien.gv.at/Veranstaltung/repaircafe-juni/", "host": "MA 48 (Wiener Altwarenmarkt)", "category": "workshop", "reccuring": "one_time", "layer": "2ndtry — dididoitcorrectly", "path": "C:/Users/dario/Downloads/2ndtry.geojson" }, "geometry": { "type": "Point", "coordinates": [ 16.357, 48.189 ] } },
{ "type": "Feature", "properties": { "fid": null, "id": 300835, "timestamp_start": "2025-06-20", "timestamp_end": "2025-06-20", "title": "Mahnwache am Ballhausplatz", "description": "A vigil ('Mahnwache') for refugees is scheduled for 20 June 2025 (10:00–14:00) at Ballhausplatz, organized by Omas gegen Rechts. The silent demonstration, titled 'für Menschen in den Elendslagern am Rande Europas,' draws attention to the plight of refugees in camps at Europe’s borders and calls for humane policies.", "weblink": "https://omasgegenrechts.at/veranstaltung/mahnwache-4/2025-06-20/", "host": "Omas gegen Rechts", "category": "protest", "reccuring": "one_time", "layer": "2ndtry — dididoitcorrectly", "path": "C:/Users/dario/Downloads/2ndtry.geojson" }, "geometry": { "type": "Point", "coordinates": [ 16.364, 48.208 ] } },
{ "type": "Feature", "properties": { "fid": null, "id": 300836, "timestamp_start": "2025-06-12", "timestamp_end": "2025-06-14", "title": "Vienna Pride Village 2025", "description": "From 12–14 June 2025, Rathausplatz will host the Vienna Pride Village, a major community festival featuring LGBTIQ information booths, cultural activities, artist performances and discussions. Organized by Vienna Pride (HOSI Wien), it offers a vibrant public space to celebrate diversity, exchange experiences, and promote LGBTIQ inclusion and acceptance", "weblink": "https://viennapride.at/en/pride-village/", "host": "HOSI Wien (Vienna Pride)", "category": "participation", "reccuring": "one_time", "layer": "2ndtry — dididoitcorrectly", "path": "C:/Users/dario/Downloads/2ndtry.geojson" }, "geometry": { "type": "Point", "coordinates": [ 16.3542, 48.2065 ] } },
{ "type": "Feature", "properties": { "fid": null, "id": 300837, "timestamp_start": "2025-06-29", "timestamp_end": "2025-06-29", "title": "Volxküche Ottakring-Hernals (June)", "description": "The Volxküche Ottakring-Hernals is a monthly free community kitchen held at volx*club Ottakring (Familienplatz 6). On 29 June 2025 (11:30–14:00), it will serve free vegan meals, coffee and tea to guests. The event aims to bring neighbors together—sharing food, conversation and games in a welcoming atmosphere with KPÖ activists.", "weblink": "https://volx-club.at/kalender/volxkueche-warmes-essen-gegen-soziale-kaelte-16/", "host": "KPÖ Ottakring-Hernals / volx*club Ottakring", "category": "participation", "reccuring": "one_time", "layer": "2ndtry — dididoitcorrectly", "path": "C:/Users/dario/Downloads/2ndtry.geojson" }, "geometry": { "type": "Point", "coordinates": [ 16.337, 48.203 ] } },
{ "type": "Feature", "properties": { "fid": null, "id": 300838, "timestamp_start": "2025-07-27", "timestamp_end": "2025-07-27", "title": "Volxküche Ottakring-Hernals (July)", "description": "The Volxküche (Ottakring-Hernals) continues on 27 July 2025 (11:30–14:00) at the volx*club. This free community kitchen provides hot vegan meals and refreshments, encouraging locals to meet and socialize in an inclusive community setting.", "weblink": "https://volx-club.at/kalender/volxkueche-warmes-essen-gegen-soziale-kaelte-17/", "host": "KPÖ Ottakring-Hernals / volx*club Ottakring", "category": "participation", "reccuring": "one_time", "layer": "2ndtry — dididoitcorrectly", "path": "C:/Users/dario/Downloads/2ndtry.geojson" }, "geometry": { "type": "Point", "coordinates": [ 16.337, 48.203 ] } },
{ "type": "Feature", "properties": { "fid": null, "id": 300839, "timestamp_start": "2025-08-31", "timestamp_end": "2025-08-31", "title": "Volxküche Ottakring-Hernals (August)", "description": "The Volxküche (Ottakring-Hernals) is held again on 31 August 2025 (11:30–14:00) at volx*club Ottakring. It offers free communal meals and beverages to foster social connections, welcoming all community members to join the inclusive gathering", "weblink": "https://volx-club.at/kalender/volxkueche-warmes-essen-gegen-soziale-kaelte-18/", "host": "KPÖ Ottakring-Hernals / volx*club Ottakring", "category": "participation", "reccuring": "one_time", "layer": "2ndtry — dididoitcorrectly", "path": "C:/Users/dario/Downloads/2ndtry.geojson" }, "geometry": { "type": "Point", "coordinates": [ 16.337, 48.203 ] } },
{ "type": "Feature", "properties": { "fid": null, "id": 1624429, "timestamp_start": "2013-09-30", "timestamp_end": "2030-12-31", "title": "Leitbild - Zielgebiet Donaufeld", "description": null, "weblink": "http://www.wiengestalten.at/leitbild-zielgebiet-donaufeld/", "host": "MA21 - Stadteilplanung und Flächennutzung", "category": "initiative", "reccuring": "initiative", "layer": "Gefiltert (keine Duplikate)", "path": "D:/Universität Kassel/Master/4. Semester - TU Wien/VU Web Mapping/group project/events_new.geojson|layername=events_new" }, "geometry": { "type": "Point", "coordinates": [ 16.41269098, 48.25371107 ] } },
{ "type": "Feature", "properties": { "fid": null, "id": 1624430, "timestamp_start": "2013-12-31", "timestamp_end": "2026-06-02", "title": "Lebensmittelkooperative Food-X", "description": null, "weblink": "http://www.wiengestalten.at/lebensmittelkooperative-food-x/", "host": "Lokale Agenda Favoriten", "category": "initiative", "reccuring": "initiative", "layer": "Gefiltert (keine Duplikate)", "path": "D:/Universität Kassel/Master/4. Semester - TU Wien/VU Web Mapping/group project/events_new.geojson|layername=events_new" }, "geometry": { "type": "Point", "coordinates": [ 16.38031007, 48.17243861 ] } },
{ "type": "Feature", "properties": { "fid": null, "id": 1624431, "timestamp_start": "2013-12-31", "timestamp_end": "2030-12-31", "title": "Freiraumgestaltung für (und mit) Mädchen in Innerfavoriten", "description": null, "weblink": "http://www.wiengestalten.at/freiraumgestaltung-fuer-und-mit-maedchen-innerfavoriten/", "host": "Lokale Agenda Favoriten", "category": "initiative", "reccuring": "initiative", "layer": "Gefiltert (keine Duplikate)", "path": "D:/Universität Kassel/Master/4. Semester - TU Wien/VU Web Mapping/group project/events_new.geojson|layername=events_new" }, "geometry": { "type": "Point", "coordinates": [ 16.37986587, 48.1723001 ] } },
{ "type": "Feature", "properties": { "fid": null, "id": 1624432, "timestamp_start": "2013-12-31", "timestamp_end": "2030-12-31", "title": "Verkehrskonzept Wienerberg-City", "description": null, "weblink": "http://www.wiengestalten.at/verkehrskonzept-wienerberg-city/", "host": "Lokale Agenda Favoriten", "category": "initiative", "reccuring": "initiative", "layer": "Gefiltert (keine Duplikate)", "path": "D:/Universität Kassel/Master/4. Semester - TU Wien/VU Web Mapping/group project/events_new.geojson|layername=events_new" }, "geometry": { "type": "Point", "coordinates": [ 16.37986587, 48.1723001 ] } },
{ "type": "Feature", "properties": { "fid": null, "id": 1624433, "timestamp_start": "2013-12-31", "timestamp_end": "2030-12-31", "title": "Spiel- und Freiräume in Favoriten – Monte Laa", "description": null, "weblink": "http://www.wiengestalten.at/spiel-und-freiraeume-in-favoriten-monte-laa/", "host": "Lokale Agenda Favoriten", "category": "initiative", "reccuring": "initiative", "layer": "Gefiltert (keine Duplikate)", "path": "D:/Universität Kassel/Master/4. Semester - TU Wien/VU Web Mapping/group project/events_new.geojson|layername=events_new" }, "geometry": { "type": "Point", "coordinates": [ 16.37986587, 48.1723001 ] } },
{ "type": "Feature", "properties": { "fid": null, "id": 1624434, "timestamp_start": "2013-12-31", "timestamp_end": "2030-12-31", "title": "Inter-/Kultureller Dialog", "description": null, "weblink": "http://www.wiengestalten.at/inter-kultureller-dialog/", "host": "Lokale Agenda Favoriten", "category": "initiative", "reccuring": "initiative", "layer": "Gefiltert (keine Duplikate)", "path": "D:/Universität Kassel/Master/4. Semester - TU Wien/VU Web Mapping/group project/events_new.geojson|layername=events_new" }, "geometry": { "type": "Point", "coordinates": [ 16.37986587, 48.1723001 ] } },
{ "type": "Feature", "properties": { "fid": null, "id": 1624437, "timestamp_start": "2013-12-31", "timestamp_end": "2030-12-31", "title": "Gedenkprojekt Volksopernviertel", "description": null, "weblink": "http://www.wiengestalten.at/gedenkprojekt-volksopernviertel/", "host": "Lokale Agenda Alsergrund", "category": "initiative", "reccuring": "initiative", "layer": "Gefiltert (keine Duplikate)", "path": "D:/Universität Kassel/Master/4. Semester - TU Wien/VU Web Mapping/group project/events_new.geojson|layername=events_new" }, "geometry": { "type": "Point", "coordinates": [ 16.35435541, 48.22587481 ] } },
{ "type": "Feature", "properties": { "fid": null, "id": 1624438, "timestamp_start": "2013-09-30", "timestamp_end": "2030-12-31", "title": "Alserbachstraße - eine Straße im Aufschwung", "description": null, "weblink": "http://www.wiengestalten.at/alserbachstrasse-eine-strasse-im-aufschwung/", "host": "Lokale Agenda Alsergrund", "category": "initiative", "reccuring": "initiative", "layer": "Gefiltert (keine Duplikate)", "path": "D:/Universität Kassel/Master/4. Semester - TU Wien/VU Web Mapping/group project/events_new.geojson|layername=events_new" }, "geometry": { "type": "Point", "coordinates": [ 16.35946153, 48.22531955 ] } },
{ "type": "Feature", "properties": { "fid": null, "id": 1624439, "timestamp_start": "2013-09-30", "timestamp_end": "2030-12-31", "title": "Alserbachstraße - eine Straße im Aufschwung", "description": null, "weblink": "http://www.wiengestalten.at/alserbachstrasse-eine-strasse-im-aufschwung/", "host": "Lokale Agenda Alsergrund", "category": "initiative", "reccuring": "initiative", "layer": "Gefiltert (keine Duplikate)", "path": "D:/Universität Kassel/Master/4. Semester - TU Wien/VU Web Mapping/group project/events_new.geojson|layername=events_new" }, "geometry": { "type": "Point", "coordinates": [ 16.35946153, 48.22531955 ] } },
{ "type": "Feature", "properties": { "fid": null, "id": 1624442, "timestamp_start": "2011-12-31", "timestamp_end": "2030-12-31", "title": "Marktbeirat Schlingermarkt", "description": null, "weblink": "http://www.wiengestalten.at/marktbeirat-schlingermarkt/", "host": "WKO, Karl Machulka", "category": "initiative", "reccuring": "initiative", "layer": "Gefiltert (keine Duplikate)", "path": "D:/Universität Kassel/Master/4. Semester - TU Wien/VU Web Mapping/group project/events_new.geojson|layername=events_new" }, "geometry": { "type": "Point", "coordinates": [ 16.40149419, 48.26149069 ] } },
{ "type": "Feature", "properties": { "fid": null, "id": 1624444, "timestamp_start": "2013-12-31", "timestamp_end": "2030-12-31", "title": "Urbanitätsoffensive Hauptbahnhof Umfeld (UHU)", "description": null, "weblink": "http://www.wiengestalten.at/urbanitaetsoffensive-hauptbahnhof-umfeld-uhu/", "host": "Wirtschaftskammer Wien, Abteilung Stadtplanung und Verkehrspolitik", "category": "initiative", "reccuring": "initiative", "layer": "Gefiltert (keine Duplikate)", "path": "D:/Universität Kassel/Master/4. Semester - TU Wien/VU Web Mapping/group project/events_new.geojson|layername=events_new" }, "geometry": { "type": "Point", "coordinates": [ 16.37803525, 48.18246958 ] } },
{ "type": "Feature", "properties": { "fid": null, "id": 1624449, "timestamp_start": "2012-12-31", "timestamp_end": "2030-12-31", "title": "Interkulturelles Zusammenleben", "description": null, "weblink": "http://www.wiengestalten.at/interkulturelles-zusammenleben/", "host": "Lokale Agenda Liesing", "category": "initiative", "reccuring": "initiative", "layer": "Gefiltert (keine Duplikate)", "path": "D:/Universität Kassel/Master/4. Semester - TU Wien/VU Web Mapping/group project/events_new.geojson|layername=events_new" }, "geometry": { "type": "Point", "coordinates": [ 16.28336884, 48.13659792 ] } },
{ "type": "Feature", "properties": { "fid": null, "id": 1624450, "timestamp_start": "2010-12-31", "timestamp_end": "2030-12-31", "title": "Gruppe Respekt", "description": null, "weblink": "http://www.wiengestalten.at/gruppe-respekt/", "host": "Stadtteilzentrum Bassena", "category": "initiative", "reccuring": "initiative", "layer": "Gefiltert (keine Duplikate)", "path": "D:/Universität Kassel/Master/4. Semester - TU Wien/VU Web Mapping/group project/events_new.geojson|layername=events_new" }, "geometry": { "type": "Point", "coordinates": [ 16.32706035, 48.16092535 ] } },
{ "type": "Feature", "properties": { "fid": null, "id": 1624454, "timestamp_start": "2009-12-31", "timestamp_end": "2030-12-31", "title": "Radverkehr in Liesing", "description": null, "weblink": "http://www.wiengestalten.at/radverkehr-in-liesing/", "host": "Lokale Agenda Liesing", "category": "initiative", "reccuring": "initiative", "layer": "Gefiltert (keine Duplikate)", "path": "D:/Universität Kassel/Master/4. Semester - TU Wien/VU Web Mapping/group project/events_new.geojson|layername=events_new" }, "geometry": { "type": "Point", "coordinates": [ 16.28336884, 48.13659792 ] } },
{ "type": "Feature", "properties": { "fid": null, "id": 1624456, "timestamp_start": "2012-02-29", "timestamp_end": "2030-12-31", "title": "Grätzlgarten 9", "description": null, "weblink": "http://www.wiengestalten.at/graetzlgarten-9/", "host": "Verein Grätzlgärten Alsergrund", "category": "initiative", "reccuring": "initiative", "layer": "Gefiltert (keine Duplikate)", "path": "D:/Universität Kassel/Master/4. Semester - TU Wien/VU Web Mapping/group project/events_new.geojson|layername=events_new" }, "geometry": { "type": "Point", "coordinates": [ 16.35442501, 48.21986861 ] } },
{ "type": "Feature", "properties": { "fid": null, "id": 1624457, "timestamp_start": "2010-12-31", "timestamp_end": "2030-12-31", "title": "Sensengarten", "description": null, "weblink": "http://www.wiengestalten.at/sensengarten/", "host": "Sensengarten", "category": "initiative", "reccuring": "initiative", "layer": "Gefiltert (keine Duplikate)", "path": "D:/Universität Kassel/Master/4. Semester - TU Wien/VU Web Mapping/group project/events_new.geojson|layername=events_new" }, "geometry": { "type": "Point", "coordinates": [ 16.35503991, 48.22030306 ] } },
{ "type": "Feature", "properties": { "fid": null, "id": 1624458, "timestamp_start": "2010-12-31", "timestamp_end": "2030-12-31", "title": "Sensengarten", "description": null, "weblink": "http://www.wiengestalten.at/sensengarten/", "host": "Sensengarten", "category": "initiative", "reccuring": "initiative", "layer": "Gefiltert (keine Duplikate)", "path": "D:/Universität Kassel/Master/4. Semester - TU Wien/VU Web Mapping/group project/events_new.geojson|layername=events_new" }, "geometry": { "type": "Point", "coordinates": [ 16.35503991, 48.22030306 ] } },
{ "type": "Feature", "properties": { "fid": null, "id": 1624462, "timestamp_start": "2004-12-31", "timestamp_end": "2030-12-31", "title": "Spielen auf der Wieden", "description": null, "weblink": "http://www.wiengestalten.at/spielen-auf-der-wieden/", "host": "Lokale Agenda Wieden", "category": "initiative", "reccuring": "initiative", "layer": "Gefiltert (keine Duplikate)", "path": "D:/Universität Kassel/Master/4. Semester - TU Wien/VU Web Mapping/group project/events_new.geojson|layername=events_new" }, "geometry": { "type": "Point", "coordinates": [ 16.36658394, 48.19209379 ] } },
{ "type": "Feature", "properties": { "fid": null, "id": 1624464, "timestamp_start": "2010-12-31", "timestamp_end": "2030-12-31", "title": "Fairtrade", "description": null, "weblink": "http://www.wiengestalten.at/fairtrade/", "host": "Lokale Agenda Alsergrund", "category": "initiative", "reccuring": "initiative", "layer": "Gefiltert (keine Duplikate)", "path": "D:/Universität Kassel/Master/4. Semester - TU Wien/VU Web Mapping/group project/events_new.geojson|layername=events_new" }, "geometry": { "type": "Point", "coordinates": [ 16.35435541, 48.22587481 ] } },
{ "type": "Feature", "properties": { "fid": null, "id": 1624465, "timestamp_start": "2007-12-31", "timestamp_end": "2030-12-31", "title": "Steine des Gedenkens", "description": null, "weblink": "http://www.wiengestalten.at/steine-des-gedenkens/", "host": "Lokale Agenda Landstraße", "category": "initiative", "reccuring": "initiative", "layer": "Gefiltert (keine Duplikate)", "path": "D:/Universität Kassel/Master/4. Semester - TU Wien/VU Web Mapping/group project/events_new.geojson|layername=events_new" }, "geometry": { "type": "Point", "coordinates": [ 16.38648462, 48.19918711 ] } },
{ "type": "Feature", "properties": { "fid": null, "id": 1624467, "timestamp_start": "2004-12-31", "timestamp_end": "2030-12-31", "title": "Kunst findet Stadt", "description": null, "weblink": "http://www.wiengestalten.at/kunst-findet-stadt/", "host": "Lokale Agenda Liesing", "category": "initiative", "reccuring": "initiative", "layer": "Gefiltert (keine Duplikate)", "path": "D:/Universität Kassel/Master/4. Semester - TU Wien/VU Web Mapping/group project/events_new.geojson|layername=events_new" }, "geometry": { "type": "Point", "coordinates": [ 16.28336884, 48.13659792 ] } },
{ "type": "Feature", "properties": { "fid": null, "id": 1624470, "timestamp_start": "2007-12-31", "timestamp_end": "2030-12-31", "title": "Stadtteilnetzwerk Hirschstetten", "description": null, "weblink": "http://www.wiengestalten.at/stadtteilnetzwerk-hirschstetten/", "host": "Lokale Agenda Liesing", "category": "initiative", "reccuring": "initiative", "layer": "Gefiltert (keine Duplikate)", "path": "D:/Universität Kassel/Master/4. Semester - TU Wien/VU Web Mapping/group project/events_new.geojson|layername=events_new" }, "geometry": { "type": "Point", "coordinates": [ 16.46003581, 48.23939397 ] } },
{ "type": "Feature", "properties": { "fid": null, "id": 1624472, "timestamp_start": "2011-12-31", "timestamp_end": "2030-12-31", "title": "Agendagruppe Generationen", "description": null, "weblink": "http://www.wiengestalten.at/agendagruppe-generationen/", "host": "Lokale Agenda Alsergrund", "category": "initiative", "reccuring": "initiative", "layer": "Gefiltert (keine Duplikate)", "path": "D:/Universität Kassel/Master/4. Semester - TU Wien/VU Web Mapping/group project/events_new.geojson|layername=events_new" }, "geometry": { "type": "Point", "coordinates": [ 16.35435541, 48.22587481 ] } },
{ "type": "Feature", "properties": { "fid": null, "id": 1624474, "timestamp_start": "2015-08-31", "timestamp_end": "2030-12-31", "title": "Gedenkprojekt Volksopenviertel", "description": null, "weblink": "http://www.wiengestalten.at/gedenkprojekt-volksopenviertel/", "host": "Verein zur Erforschung der Geschichte des Volksopernviertels in den Jahren 1938 - 1945", "category": "initiative", "reccuring": "initiative", "layer": "Gefiltert (keine Duplikate)", "path": "D:/Universität Kassel/Master/4. Semester - TU Wien/VU Web Mapping/group project/events_new.geojson|layername=events_new" }, "geometry": { "type": "Point", "coordinates": [ 16.35306077, 48.22420417 ] } },
{ "type": "Feature", "properties": { "fid": null, "id": 1624477, "timestamp_start": "2016-05-29", "timestamp_end": "2030-12-31", "title": "Garteln in Wien", "description": null, "weblink": "http://www.wiengestalten.at/garteln-in-wien/", "host": "Bio Forschung Austria – Garteln in Wien", "category": "initiative", "reccuring": "initiative", "layer": "Gefiltert (keine Duplikate)", "path": "D:/Universität Kassel/Master/4. Semester - TU Wien/VU Web Mapping/group project/events_new.geojson|layername=events_new" }, "geometry": { "type": "Point", "coordinates": [ 16.53033992, 48.21201073 ] } },
{ "type": "Feature", "properties": { "fid": null, "id": 1624479, "timestamp_start": "2016-05-31", "timestamp_end": "2030-12-31", "title": "Ein Garten für alle!", "description": null, "weblink": "http://www.wiengestalten.at/ein-garten-fuer-alle/", "host": "GB*9/17/18 - Außenstelle Lazarettgasse 9.", "category": "initiative", "reccuring": "initiative", "layer": "Gefiltert (keine Duplikate)", "path": "D:/Universität Kassel/Master/4. Semester - TU Wien/VU Web Mapping/group project/events_new.geojson|layername=events_new" }, "geometry": { "type": "Point", "coordinates": [ 16.36157658, 48.22826015 ] } },
{ "type": "Feature", "properties": { "fid": null, "id": 1624480, "timestamp_start": "2016-05-31", "timestamp_end": "2030-12-31", "title": "Ein Garten für alle!", "description": null, "weblink": "http://www.wiengestalten.at/ein-garten-fuer-alle/", "host": "GB*9/17/18 - Außenstelle Lazarettgasse 9.", "category": "initiative", "reccuring": "initiative", "layer": "Gefiltert (keine Duplikate)", "path": "D:/Universität Kassel/Master/4. Semester - TU Wien/VU Web Mapping/group project/events_new.geojson|layername=events_new" }, "geometry": { "type": "Point", "coordinates": [ 16.36157658, 48.22826015 ] } },
{ "type": "Feature", "properties": { "fid": null, "id": 1624482, "timestamp_start": "2016-04-30", "timestamp_end": "2030-12-31", "title": "Die Straße nutzen! Experiment in der Aspangstraße", "description": null, "weblink": "http://www.wiengestalten.at/die-strasse-nutzen-experiment-in-der-aspangstrasse/", "host": "GB*3/11", "category": "initiative", "reccuring": "initiative", "layer": "Gefiltert (keine Duplikate)", "path": "D:/Universität Kassel/Master/4. Semester - TU Wien/VU Web Mapping/group project/events_new.geojson|layername=events_new" }, "geometry": { "type": "Point", "coordinates": [ 16.39261419, 48.19213601 ] } },
{ "type": "Feature", "properties": { "fid": null, "id": 1624483, "timestamp_start": "2015-03-31", "timestamp_end": "2030-12-31", "title": "Naschgarten", "description": null, "weblink": "http://www.wiengestalten.at/naschgarten/", "host": "GB*21 21", "category": "initiative", "reccuring": "initiative", "layer": "Gefiltert (keine Duplikate)", "path": "D:/Universität Kassel/Master/4. Semester - TU Wien/VU Web Mapping/group project/events_new.geojson|layername=events_new" }, "geometry": { "type": "Point", "coordinates": [ 16.42089202, 48.25640893 ] } },
{ "type": "Feature", "properties": { "fid": null, "id": 1624484, "timestamp_start": "2015-06-28", "timestamp_end": "2030-12-31", "title": "Stadtmenschen", "description": null, "weblink": "http://www.wiengestalten.at/stadtmenschen/", "host": "Social City Wien", "category": "initiative", "reccuring": "initiative", "layer": "Gefiltert (keine Duplikate)", "path": "D:/Universität Kassel/Master/4. Semester - TU Wien/VU Web Mapping/group project/events_new.geojson|layername=events_new" }, "geometry": { "type": "Point", "coordinates": [ 16.37575842, 48.23214488 ] } },
{ "type": "Feature", "properties": { "fid": null, "id": 1624498, "timestamp_start": "2016-04-10", "timestamp_end": "2030-12-31", "title": "Erweiterungsplanung des Evangelischen Krankenhauses", "description": null, "weblink": "http://www.wiengestalten.at/erweiterungsplanung-des-evangelischen-krankenhauses/", "host": "MA21 - Stadtteilplanung und Flächennutzung", "category": "initiative", "reccuring": "initiative", "layer": "Gefiltert (keine Duplikate)", "path": "D:/Universität Kassel/Master/4. Semester - TU Wien/VU Web Mapping/group project/events_new.geojson|layername=events_new" }, "geometry": { "type": "Point", "coordinates": [ 16.34571423, 48.22413163 ] } },
{ "type": "Feature", "properties": { "fid": null, "id": 1624511, "timestamp_start": "2014-04-30", "timestamp_end": "2030-12-31", "title": "Jane's Walk Vienna", "description": null, "weblink": "http://www.wiengestalten.at/janes-walk-vienna/", "host": "Andreas Lindinger, City Organizer Jane's Walk Vienna", "category": "initiative", "reccuring": "initiative", "layer": "Gefiltert (keine Duplikate)", "path": "D:/Universität Kassel/Master/4. Semester - TU Wien/VU Web Mapping/group project/events_new.geojson|layername=events_new" }, "geometry": { "type": "Point", "coordinates": [ 16.37418694, 48.20825506 ] } },
{ "type": "Feature", "properties": { "fid": null, "id": 1624516, "timestamp_start": "2015-08-31", "timestamp_end": "2030-12-31", "title": "Öffentlicher Raum im Kernbereich Penzing", "description": null, "weblink": "http://www.wiengestalten.at/beteiligungsprozess-zum-oeffentlichen-raum-im-kernbereich-penzing/", "host": "Magistratsabteilung 18 Stadtentwicklung und Stadtplanung", "category": "initiative", "reccuring": "initiative", "layer": "Gefiltert (keine Duplikate)", "path": "D:/Universität Kassel/Master/4. Semester - TU Wien/VU Web Mapping/group project/events_new.geojson|layername=events_new" }, "geometry": { "type": "Point", "coordinates": [ 16.30284489, 48.1895069 ] } },
{ "type": "Feature", "properties": { "fid": null, "id": 1624519, "timestamp_start": "2009-04-01", "timestamp_end": "2030-12-31", "title": "Central Garden", "description": null, "weblink": "http://www.wiengestalten.at/central-garden/", "host": "CENTRAL GARDEN Gemeinschaftsgarten am Donaukanal", "category": "initiative", "reccuring": "initiative", "layer": "Gefiltert (keine Duplikate)", "path": "D:/Universität Kassel/Master/4. Semester - TU Wien/VU Web Mapping/group project/events_new.geojson|layername=events_new" }, "geometry": { "type": "Point", "coordinates": [ 16.3883349, 48.21401604 ] } },
{ "type": "Feature", "properties": { "fid": null, "id": 1624522, "timestamp_start": "2010-05-31", "timestamp_end": "2030-12-31", "title": "Samstag in der Stadt", "description": null, "weblink": "http://www.wiengestalten.at/samstag-in-der-stadt/", "host": "Nadia Prauhart und Tamara Schwarzmayr", "category": "initiative", "reccuring": "initiative", "layer": "Gefiltert (keine Duplikate)", "path": "D:/Universität Kassel/Master/4. Semester - TU Wien/VU Web Mapping/group project/events_new.geojson|layername=events_new" }, "geometry": { "type": "Point", "coordinates": [ 16.32881328, 48.19129431 ] } },
{ "type": "Feature", "properties": { "fid": null, "id": 1624523, "timestamp_start": "2003-12-31", "timestamp_end": "2030-12-31", "title": "Fahrgastbeirat Wiener Linien", "description": null, "weblink": "http://www.wiengestalten.at/fahrgastbeirat-wr-linien/", "host": "Wiener Linien", "category": "initiative", "reccuring": "initiative", "layer": "Gefiltert (keine Duplikate)", "path": "D:/Universität Kassel/Master/4. Semester - TU Wien/VU Web Mapping/group project/events_new.geojson|layername=events_new" }, "geometry": { "type": "Point", "coordinates": [ 16.41504272, 48.19029736 ] } },
{ "type": "Feature", "properties": { "fid": null, "id": 1624524, "timestamp_start": "2013-05-31", "timestamp_end": "2030-12-31", "title": "Schwendermarkt mitgestalten", "description": null, "weblink": "http://www.wiengestalten.at/schwendermarkt-mitgestalten/", "host": "GB*6/14/15", "category": "initiative", "reccuring": "initiative", "layer": "Gefiltert (keine Duplikate)", "path": "D:/Universität Kassel/Master/4. Semester - TU Wien/VU Web Mapping/group project/events_new.geojson|layername=events_new" }, "geometry": { "type": "Point", "coordinates": [ 16.33387803, 48.18792538 ] } },
{ "type": "Feature", "properties": { "fid": null, "id": 1624525, "timestamp_start": "2013-05-31", "timestamp_end": "2030-12-31", "title": "Schwendermarkt mitgestalten", "description": null, "weblink": "http://www.wiengestalten.at/schwendermarkt-mitgestalten/", "host": "GB*6/14/15", "category": "initiative", "reccuring": "initiative", "layer": "Gefiltert (keine Duplikate)", "path": "D:/Universität Kassel/Master/4. Semester - TU Wien/VU Web Mapping/group project/events_new.geojson|layername=events_new" }, "geometry": { "type": "Point", "coordinates": [ 16.33387803, 48.18792538 ] } },
{ "type": "Feature", "properties": { "fid": null, "id": 1624528, "timestamp_start": "2015-06-30", "timestamp_end": "2030-12-31", "title": "Verkehr im Lobauvorland", "description": null, "weblink": "http://www.wiengestalten.at/verkehr-im-lobauvorland/", "host": "MA 21", "category": "initiative", "reccuring": "initiative", "layer": "Gefiltert (keine Duplikate)", "path": "D:/Universität Kassel/Master/4. Semester - TU Wien/VU Web Mapping/group project/events_new.geojson|layername=events_new" }, "geometry": { "type": "Point", "coordinates": [ 16.51076189, 48.20778574 ] } },
{ "type": "Feature", "properties": { "fid": null, "id": 1624529, "timestamp_start": "2013-12-31", "timestamp_end": "2030-12-31", "title": "L(i)ebenswertes Matznerviertel", "description": null, "weblink": "http://www.wiengestalten.at/liebenswertes-matznerviertel/", "host": null, "category": "initiative", "reccuring": "initiative", "layer": "Gefiltert (keine Duplikate)", "path": "D:/Universität Kassel/Master/4. Semester - TU Wien/VU Web Mapping/group project/events_new.geojson|layername=events_new" }, "geometry": { "type": "Point", "coordinates": [ 16.30412282, 48.19541691 ] } },
{ "type": "Feature", "properties": { "fid": null, "id": 1624530, "timestamp_start": "2013-12-31", "timestamp_end": "2030-12-31", "title": "L(i)ebenswertes Matznerviertel", "description": null, "weblink": "http://www.wiengestalten.at/liebenswertes-matznerviertel/", "host": null, "category": "initiative", "reccuring": "initiative", "layer": "Gefiltert (keine Duplikate)", "path": "D:/Universität Kassel/Master/4. Semester - TU Wien/VU Web Mapping/group project/events_new.geojson|layername=events_new" }, "geometry": { "type": "Point", "coordinates": [ 16.30412282, 48.19541691 ] } },
{ "type": "Feature", "properties": { "fid": null, "id": 1624531, "timestamp_start": "2013-12-31", "timestamp_end": "2030-12-31", "title": "L(i)ebenswertes Matznerviertel", "description": null, "weblink": "http://www.wiengestalten.at/liebenswertes-matznerviertel/", "host": null, "category": "initiative", "reccuring": "initiative", "layer": "Gefiltert (keine Duplikate)", "path": "D:/Universität Kassel/Master/4. Semester - TU Wien/VU Web Mapping/group project/events_new.geojson|layername=events_new" }, "geometry": { "type": "Point", "coordinates": [ 16.30412282, 48.19541691 ] } },
{ "type": "Feature", "properties": { "fid": null, "id": 1624532, "timestamp_start": "2013-12-31", "timestamp_end": "2030-12-31", "title": "L(i)ebenswertes Matznerviertel", "description": null, "weblink": "http://www.wiengestalten.at/liebenswertes-matznerviertel/", "host": null, "category": "initiative", "reccuring": "initiative", "layer": "Gefiltert (keine Duplikate)", "path": "D:/Universität Kassel/Master/4. Semester - TU Wien/VU Web Mapping/group project/events_new.geojson|layername=events_new" }, "geometry": { "type": "Point", "coordinates": [ 16.30412282, 48.19541691 ] } },
{ "type": "Feature", "properties": { "fid": null, "id": 1624533, "timestamp_start": "2013-12-31", "timestamp_end": "2030-12-31", "title": "L(i)ebenswertes Matznerviertel", "description": null, "weblink": "http://www.wiengestalten.at/liebenswertes-matznerviertel/", "host": null, "category": "initiative", "reccuring": "initiative", "layer": "Gefiltert (keine Duplikate)", "path": "D:/Universität Kassel/Master/4. Semester - TU Wien/VU Web Mapping/group project/events_new.geojson|layername=events_new" }, "geometry": { "type": "Point", "coordinates": [ 16.30412282, 48.19541691 ] } },
{ "type": "Feature", "properties": { "fid": null, "id": 1624534, "timestamp_start": "2013-12-31", "timestamp_end": "2030-12-31", "title": "Kinder- und Jugendforum Favoriten", "description": null, "weblink": "http://www.wiengestalten.at/kinderforum/", "host": "Parkbetreuung der Wiener Kinderfreunde", "category": "initiative", "reccuring": "initiative", "layer": "Gefiltert (keine Duplikate)", "path": "D:/Universität Kassel/Master/4. Semester - TU Wien/VU Web Mapping/group project/events_new.geojson|layername=events_new" }, "geometry": { "type": "Point", "coordinates": [ 16.38788978, 48.17528586 ] } },
{ "type": "Feature", "properties": { "fid": null, "id": 1624535, "timestamp_start": "2013-12-31", "timestamp_end": "2030-12-31", "title": "SchülervertreterInnen Club Favoriten", "description": null, "weblink": "http://www.wiengestalten.at/svc/", "host": "Parkbetreuung der Wiener Kinderfreunde", "category": "initiative", "reccuring": "initiative", "layer": "Gefiltert (keine Duplikate)", "path": "D:/Universität Kassel/Master/4. Semester - TU Wien/VU Web Mapping/group project/events_new.geojson|layername=events_new" }, "geometry": { "type": "Point", "coordinates": [ 16.35738728, 48.17143734 ] } },
{ "type": "Feature", "properties": { "fid": null, "id": 1624536, "timestamp_start": "2013-12-31", "timestamp_end": "2030-12-31", "title": "Teeniesbetreuung Favoriten", "description": null, "weblink": "http://www.wiengestalten.at/teeniesbetreuung/", "host": "Parkbetreuung der Wiener Kinderfreunde", "category": "initiative", "reccuring": "initiative", "layer": "Gefiltert (keine Duplikate)", "path": "D:/Universität Kassel/Master/4. Semester - TU Wien/VU Web Mapping/group project/events_new.geojson|layername=events_new" }, "geometry": { "type": "Point", "coordinates": [ 16.35738728, 48.17143734 ] } },
{ "type": "Feature", "properties": { "fid": null, "id": 1624537, "timestamp_start": "2013-12-31", "timestamp_end": "2030-12-31", "title": "Genderpool Favoriten", "description": null, "weblink": "http://www.wiengestalten.at/genderpool/", "host": "Parkbetreuung der Wiener Kinderfreunde", "category": "initiative", "reccuring": "initiative", "layer": "Gefiltert (keine Duplikate)", "path": "D:/Universität Kassel/Master/4. Semester - TU Wien/VU Web Mapping/group project/events_new.geojson|layername=events_new" }, "geometry": { "type": "Point", "coordinates": [ 16.35963033, 48.17537281 ] } },
{ "type": "Feature", "properties": { "fid": null, "id": 1624540, "timestamp_start": "2014-06-23", "timestamp_end": "2030-12-31", "title": "Wohnprojekt Emil-Behring-Weg", "description": null, "weblink": "http://www.wiengestalten.at/wohnprojekt-europan-10/", "host": "Anita Haider, Magistratsabteilung 21", "category": "initiative", "reccuring": "initiative", "layer": "Gefiltert (keine Duplikate)", "path": "D:/Universität Kassel/Master/4. Semester - TU Wien/VU Web Mapping/group project/events_new.geojson|layername=events_new" }, "geometry": { "type": "Point", "coordinates": [ 16.29397675, 48.15991681 ] } },
{ "type": "Feature", "properties": { "fid": null, "id": 1624541, "timestamp_start": "2015-11-28", "timestamp_end": "2030-12-31", "title": "Oase 22 - Adelheid-Popp-Gasse", "description": null, "weblink": "http://www.wiengestalten.at/oase-22-adelheid-popp-gasse/", "host": "Magistratsabteilung 18 Stadtentwicklung und Stadtplanung", "category": "initiative", "reccuring": "initiative", "layer": "Gefiltert (keine Duplikate)", "path": "D:/Universität Kassel/Master/4. Semester - TU Wien/VU Web Mapping/group project/events_new.geojson|layername=events_new" }, "geometry": { "type": "Point", "coordinates": [ 16.4588837, 48.22988126 ] } },
{ "type": "Feature", "properties": { "fid": null, "id": 1624542, "timestamp_start": "2015-11-28", "timestamp_end": "2030-12-31", "title": "Oase 22 - Adelheid-Popp-Gasse", "description": null, "weblink": "http://www.wiengestalten.at/oase-22-adelheid-popp-gasse/", "host": "Magistratsabteilung 18 Stadtentwicklung und Stadtplanung", "category": "initiative", "reccuring": "initiative", "layer": "Gefiltert (keine Duplikate)", "path": "D:/Universität Kassel/Master/4. Semester - TU Wien/VU Web Mapping/group project/events_new.geojson|layername=events_new" }, "geometry": { "type": "Point", "coordinates": [ 16.4588837, 48.22988126 ] } },
{ "type": "Feature", "properties": { "fid": null, "id": 1624544, "timestamp_start": "2003-12-31", "timestamp_end": "2030-12-31", "title": "Jugendbeteiligungsprojekte Hernals \"Mitreden-Mitbestimmen\"", "description": null, "weblink": "http://www.wiengestalten.at/jugendbeteiligungsprojekte-hernals-mitreden-mitbestimmen/", "host": "TAKE PART Verein zur Förderung partzipativer und innovativer Kinder- und Jugendprojekte", "category": "initiative", "reccuring": "initiative", "layer": "Gefiltert (keine Duplikate)", "path": "D:/Universität Kassel/Master/4. Semester - TU Wien/VU Web Mapping/group project/events_new.geojson|layername=events_new" }, "geometry": { "type": "Point", "coordinates": [ 16.35265256, 48.20407688 ] } },
{ "type": "Feature", "properties": { "fid": null, "id": 1624545, "timestamp_start": "2011-03-07", "timestamp_end": "2030-12-31", "title": "Mädchencafé Flash", "description": null, "weblink": "http://www.wiengestalten.at/maedchencafe-flash/", "host": "flash - Mädchencafé", "category": "initiative", "reccuring": "initiative", "layer": "Gefiltert (keine Duplikate)", "path": "D:/Universität Kassel/Master/4. Semester - TU Wien/VU Web Mapping/group project/events_new.geojson|layername=events_new" }, "geometry": { "type": "Point", "coordinates": [ 16.34485974, 48.20112373 ] } },
{ "type": "Feature", "properties": { "fid": null, "id": 1624546, "timestamp_start": "2005-12-31", "timestamp_end": "2030-12-31", "title": "Kinderforen", "description": null, "weblink": "http://www.wiengestalten.at/kinderforen/", "host": "Kinderfreunde Wien, Parkbetreuung", "category": "initiative", "reccuring": "initiative", "layer": "Gefiltert (keine Duplikate)", "path": "D:/Universität Kassel/Master/4. Semester - TU Wien/VU Web Mapping/group project/events_new.geojson|layername=events_new" }, "geometry": { "type": "Point", "coordinates": [ 16.38788978, 48.17528586 ] } },
{ "type": "Feature", "properties": { "fid": null, "id": 1624547, "timestamp_start": "2015-04-12", "timestamp_end": "2030-12-31", "title": "Stuwert mit!", "description": null, "weblink": "http://www.wiengestalten.at/stuwert-mit/", "host": null, "category": "initiative", "reccuring": "initiative", "layer": "Gefiltert (keine Duplikate)", "path": "D:/Universität Kassel/Master/4. Semester - TU Wien/VU Web Mapping/group project/events_new.geojson|layername=events_new" }, "geometry": { "type": "Point", "coordinates": [ 16.40097572, 48.22021699 ] } },
{ "type": "Feature", "properties": { "fid": null, "id": 1624548, "timestamp_start": "2015-04-12", "timestamp_end": "2030-12-31", "title": "Stuwert mit!", "description": null, "weblink": "http://www.wiengestalten.at/stuwert-mit/", "host": null, "category": "initiative", "reccuring": "initiative", "layer": "Gefiltert (keine Duplikate)", "path": "D:/Universität Kassel/Master/4. Semester - TU Wien/VU Web Mapping/group project/events_new.geojson|layername=events_new" }, "geometry": { "type": "Point", "coordinates": [ 16.40097572, 48.22021699 ] } },
{ "type": "Feature", "properties": { "fid": null, "id": 1624549, "timestamp_start": "2014-09-10", "timestamp_end": "2030-12-31", "title": "Wien Geschichte Wiki", "description": null, "weblink": "http://www.wiengestalten.at/wien-geschichte-wiki/", "host": "MA 8, Wiener Stadt- und Landesarchiv", "category": "initiative", "reccuring": "initiative", "layer": "Gefiltert (keine Duplikate)", "path": "D:/Universität Kassel/Master/4. Semester - TU Wien/VU Web Mapping/group project/events_new.geojson|layername=events_new" }, "geometry": { "type": "Point", "coordinates": [ 16.42162976, 48.18483955 ] } },
{ "type": "Feature", "properties": { "fid": null, "id": 1624553, "timestamp_start": "2015-09-14", "timestamp_end": "2030-12-31", "title": "Teilen in der Herbststraße 15", "description": null, "weblink": "http://www.wiengestalten.at/teilen-in-der-herbstrasse-15/", "host": "GB*7/8/16", "category": "initiative", "reccuring": "initiative", "layer": "Gefiltert (keine Duplikate)", "path": "D:/Universität Kassel/Master/4. Semester - TU Wien/VU Web Mapping/group project/events_new.geojson|layername=events_new" }, "geometry": { "type": "Point", "coordinates": [ 16.3330432, 48.20527488 ] } },
{ "type": "Feature", "properties": { "fid": null, "id": 1624554, "timestamp_start": "2015-09-29", "timestamp_end": "2030-12-31", "title": "Volkertviertel geht doch!", "description": null, "weblink": "http://www.wiengestalten.at/volkertviertel-geht-doch/", "host": "GB*2/20", "category": "initiative", "reccuring": "initiative", "layer": "Gefiltert (keine Duplikate)", "path": "D:/Universität Kassel/Master/4. Semester - TU Wien/VU Web Mapping/group project/events_new.geojson|layername=events_new" }, "geometry": { "type": "Point", "coordinates": [ 16.38643392, 48.22247662 ] } },
{ "type": "Feature", "properties": { "fid": null, "id": 1624556, "timestamp_start": "2011-12-31", "timestamp_end": "2030-12-31", "title": "Operation Grüner Daumen", "description": null, "weblink": "http://www.wiengestalten.at/operation-gruener-daumen/", "host": "Mariahilfer Straße 47/4 Top C, 1060 Wien", "category": "initiative", "reccuring": "initiative", "layer": "Gefiltert (keine Duplikate)", "path": "D:/Universität Kassel/Master/4. Semester - TU Wien/VU Web Mapping/group project/events_new.geojson|layername=events_new" }, "geometry": { "type": "Point", "coordinates": [ 16.35488323, 48.19957893 ] } },
{ "type": "Feature", "properties": { "fid": null, "id": 1624557, "timestamp_start": "2015-09-15", "timestamp_end": "2030-12-31", "title": "Europas größter Dach-Gemeinschaftsgarten", "description": null, "weblink": "http://www.wiengestalten.at/europas-groesster-dach-gemeinschaftsgarten/", "host": "Anita Voraberger, Mediensprecherin StRin Ulli Sima", "category": "initiative", "reccuring": "initiative", "layer": "Gefiltert (keine Duplikate)", "path": "D:/Universität Kassel/Master/4. Semester - TU Wien/VU Web Mapping/group project/events_new.geojson|layername=events_new" }, "geometry": { "type": "Point", "coordinates": [ 16.37418694, 48.20825506 ] } },
{ "type": "Feature", "properties": { "fid": null, "id": 1624558, "timestamp_start": "1999-09-08", "timestamp_end": "2030-12-31", "title": "Wiener Tafel", "description": null, "weblink": "http://www.wiengestalten.at/wiener-tafel/", "host": "Wiener Tafel - Verein für sozialen Transfer", "category": "initiative", "reccuring": "initiative", "layer": "Gefiltert (keine Duplikate)", "path": "D:/Universität Kassel/Master/4. Semester - TU Wien/VU Web Mapping/group project/events_new.geojson|layername=events_new" }, "geometry": { "type": "Point", "coordinates": [ 16.40443449, 48.18457615 ] } },
{ "type": "Feature", "properties": { "fid": null, "id": 1624562, "timestamp_start": "2015-08-21", "timestamp_end": "2030-12-31", "title": "Matznergarten", "description": null, "weblink": "http://www.wiengestalten.at/matznergarten/", "host": "GB*vor Ort", "category": "initiative", "reccuring": "initiative", "layer": "Gefiltert (keine Duplikate)", "path": "D:/Universität Kassel/Master/4. Semester - TU Wien/VU Web Mapping/group project/events_new.geojson|layername=events_new" }, "geometry": { "type": "Point", "coordinates": [ 16.30405197, 48.19578858 ] } },
{ "type": "Feature", "properties": { "fid": null, "id": 1624563, "timestamp_start": "2015-05-03", "timestamp_end": "2030-12-31", "title": "Startet euer Projekt", "description": null, "weblink": "http://www.wiengestalten.at/startet-euer-projekt/", "host": "wienXtra-jugendinfo", "category": "initiative", "reccuring": "initiative", "layer": "Gefiltert (keine Duplikate)", "path": "D:/Universität Kassel/Master/4. Semester - TU Wien/VU Web Mapping/group project/events_new.geojson|layername=events_new" }, "geometry": { "type": "Point", "coordinates": [ 16.36351275, 48.20352163 ] } },
{ "type": "Feature", "properties": { "fid": null, "id": 1624565, "timestamp_start": "2015-05-01", "timestamp_end": "2030-12-31", "title": "Albertgarten", "description": null, "weblink": "http://www.wiengestalten.at/albertgarten/", "host": "Lokale Agenda Josefstadt", "category": "initiative", "reccuring": "initiative", "layer": "Gefiltert (keine Duplikate)", "path": "D:/Universität Kassel/Master/4. Semester - TU Wien/VU Web Mapping/group project/events_new.geojson|layername=events_new" }, "geometry": { "type": "Point", "coordinates": [ 16.3434783, 48.2143283 ] } },
{ "type": "Feature", "properties": { "fid": null, "id": 1624566, "timestamp_start": "2015-04-01", "timestamp_end": "2030-12-31", "title": "Nachbarschaftsgarten Juchgasse", "description": null, "weblink": "http://www.wiengestalten.at/nachbarschaftsgarten-juchgasse/", "host": null, "category": "initiative", "reccuring": "initiative", "layer": "Gefiltert (keine Duplikate)", "path": "D:/Universität Kassel/Master/4. Semester - TU Wien/VU Web Mapping/group project/events_new.geojson|layername=events_new" }, "geometry": { "type": "Point", "coordinates": [ 16.3914461, 48.1967856 ] } },
{ "type": "Feature", "properties": { "fid": null, "id": 1624567, "timestamp_start": "2011-03-31", "timestamp_end": "2030-12-31", "title": "Garten unser Döbling", "description": null, "weblink": "http://www.wiengestalten.at/garten-unser/", "host": "Verein \\\"Garten unser Döbling\\\"", "category": "initiative", "reccuring": "initiative", "layer": "Gefiltert (keine Duplikate)", "path": "D:/Universität Kassel/Master/4. Semester - TU Wien/VU Web Mapping/group project/events_new.geojson|layername=events_new" }, "geometry": { "type": "Point", "coordinates": [ 16.3538451, 48.25721617 ] } },
{ "type": "Feature", "properties": { "fid": null, "id": 1624569, "timestamp_start": "2014-10-09", "timestamp_end": "2030-12-31", "title": "Gründen in Wien", "description": null, "weblink": "http://www.wiengestalten.at/gruenden-in-wien/", "host": "Wirtschaftsagentur Wien", "category": "initiative", "reccuring": "initiative", "layer": "Gefiltert (keine Duplikate)", "path": "D:/Universität Kassel/Master/4. Semester - TU Wien/VU Web Mapping/group project/events_new.geojson|layername=events_new" }, "geometry": { "type": "Point", "coordinates": [ 16.35783542, 48.21193097 ] } },
{ "type": "Feature", "properties": { "fid": null, "id": 1624572, "timestamp_start": "2014-04-08", "timestamp_end": "2030-12-31", "title": "BürgerInnenbeteiligungsprozess zum Leitbild Donaufeld", "description": null, "weblink": "http://www.wiengestalten.at/buergerinnenbeteiligungsprozess-zum-leitbild-donaufeld/", "host": "stadtland GmbH, Dipl.-Ing. Sibylla Zech", "category": "initiative", "reccuring": "initiative", "layer": "Gefiltert (keine Duplikate)", "path": "D:/Universität Kassel/Master/4. Semester - TU Wien/VU Web Mapping/group project/events_new.geojson|layername=events_new" }, "geometry": { "type": "Point", "coordinates": [ 16.42811444, 48.24808741 ] } },
{ "type": "Feature", "properties": { "fid": null, "id": 1624576, "timestamp_start": "2012-05-06", "timestamp_end": "2030-12-31", "title": "Spielstraße Kleistgasse", "description": null, "weblink": "http://www.wiengestalten.at/spielstrasse-kleistgasse/", "host": "GB*3/11", "category": "initiative", "reccuring": "initiative", "layer": "Gefiltert (keine Duplikate)", "path": "D:/Universität Kassel/Master/4. Semester - TU Wien/VU Web Mapping/group project/events_new.geojson|layername=events_new" }, "geometry": { "type": "Point", "coordinates": [ 16.38978864, 48.19117338 ] } },
{ "type": "Feature", "properties": { "fid": null, "id": 1624579, "timestamp_start": "2014-05-07", "timestamp_end": "2030-12-31", "title": "Nachbarschaftsgarten Währing", "description": null, "weblink": "http://www.wiengestalten.at/nachbarschaftsgarten-waehring/", "host": "GB*9/17/18", "category": "initiative", "reccuring": "initiative", "layer": "Gefiltert (keine Duplikate)", "path": "D:/Universität Kassel/Master/4. Semester - TU Wien/VU Web Mapping/group project/events_new.geojson|layername=events_new" }, "geometry": { "type": "Point", "coordinates": [ 16.34785673, 48.23072758 ] } },
{ "type": "Feature", "properties": { "fid": null, "id": 1624585, "timestamp_start": "2006-03-03", "timestamp_end": "2030-12-31", "title": "Metalab", "description": null, "weblink": "http://www.wiengestalten.at/metalab/", "host": "Verein Metalab", "category": "initiative", "reccuring": "initiative", "layer": "Gefiltert (keine Duplikate)", "path": "D:/Universität Kassel/Master/4. Semester - TU Wien/VU Web Mapping/group project/events_new.geojson|layername=events_new" }, "geometry": { "type": "Point", "coordinates": [ 16.35633006, 48.20928904 ] } },
{ "type": "Feature", "properties": { "fid": null, "id": 1624586, "timestamp_start": "2013-02-28", "timestamp_end": "2030-12-31", "title": "NOVAgarten -Garten macht Schule", "description": null, "weblink": "http://www.wiengestalten.at/novagarten/", "host": "isebuki KunstverEinmischung", "category": "initiative", "reccuring": "initiative", "layer": "Gefiltert (keine Duplikate)", "path": "D:/Universität Kassel/Master/4. Semester - TU Wien/VU Web Mapping/group project/events_new.geojson|layername=events_new" }, "geometry": { "type": "Point", "coordinates": [ 16.38555066, 48.21883673 ] } },
{ "type": "Feature", "properties": { "fid": null, "id": 1624587, "timestamp_start": "2013-02-28", "timestamp_end": "2030-12-31", "title": "NOVAgarten - Garten macht Schule", "description": null, "weblink": "http://www.wiengestalten.at/novagarten/", "host": "isebuki KunstverEinmischung", "category": "initiative", "reccuring": "initiative", "layer": "Gefiltert (keine Duplikate)", "path": "D:/Universität Kassel/Master/4. Semester - TU Wien/VU Web Mapping/group project/events_new.geojson|layername=events_new" }, "geometry": { "type": "Point", "coordinates": [ 16.38555066, 48.21883673 ] } },
{ "type": "Feature", "properties": { "fid": null, "id": 1624589, "timestamp_start": "2011-03-31", "timestamp_end": "2030-12-31", "title": "Kontakt-Garten", "description": null, "weblink": "http://www.wiengestalten.at/kontaktgarten/", "host": "Verein Station Wien", "category": "initiative", "reccuring": "initiative", "layer": "Gefiltert (keine Duplikate)", "path": "D:/Universität Kassel/Master/4. Semester - TU Wien/VU Web Mapping/group project/events_new.geojson|layername=events_new" }, "geometry": { "type": "Point", "coordinates": [ 16.34934664, 48.1856587 ] } },
{ "type": "Feature", "properties": { "fid": null, "id": 1624590, "timestamp_start": "2013-03-31", "timestamp_end": "2030-12-31", "title": "Gemeinschaftsgarten Löwenzahn", "description": null, "weblink": "http://www.wiengestalten.at/gemeinschaftsgarten-loewenzahn/", "host": "Gemeinschaftsgarten Löwenzahn", "category": "initiative", "reccuring": "initiative", "layer": "Gefiltert (keine Duplikate)", "path": "D:/Universität Kassel/Master/4. Semester - TU Wien/VU Web Mapping/group project/events_new.geojson|layername=events_new" }, "geometry": { "type": "Point", "coordinates": [ 16.38290735, 48.23873599 ] } },
{ "type": "Feature", "properties": { "fid": null, "id": 1624591, "timestamp_start": "2014-02-28", "timestamp_end": "2030-12-31", "title": "Garten Matzleinsdorf", "description": null, "weblink": "http://www.wiengestalten.at/garten-matzleinsdorf/", "host": "Garten Matzleinsdorf", "category": "initiative", "reccuring": "initiative", "layer": "Gefiltert (keine Duplikate)", "path": "D:/Universität Kassel/Master/4. Semester - TU Wien/VU Web Mapping/group project/events_new.geojson|layername=events_new" }, "geometry": { "type": "Point", "coordinates": [ 16.35891004, 48.17719598 ] } },
{ "type": "Feature", "properties": { "fid": null, "id": 1624592, "timestamp_start": "2013-02-28", "timestamp_end": "2030-12-31", "title": "Mintzgarten", "description": null, "weblink": "http://www.wiengestalten.at/mintzgarten/", "host": "GB*2/20", "category": "initiative", "reccuring": "initiative", "layer": "Gefiltert (keine Duplikate)", "path": "D:/Universität Kassel/Master/4. Semester - TU Wien/VU Web Mapping/group project/events_new.geojson|layername=events_new" }, "geometry": { "type": "Point", "coordinates": [ 16.39611027, 48.22581648 ] } },
{ "type": "Feature", "properties": { "fid": null, "id": 1624593, "timestamp_start": "2013-02-28", "timestamp_end": "2030-12-31", "title": "Garten SAMBA", "description": null, "weblink": "http://www.wiengestalten.at/garten-samba/", "host": "GB*2/20", "category": "initiative", "reccuring": "initiative", "layer": "Gefiltert (keine Duplikate)", "path": "D:/Universität Kassel/Master/4. Semester - TU Wien/VU Web Mapping/group project/events_new.geojson|layername=events_new" }, "geometry": { "type": "Point", "coordinates": [ 16.38596983, 48.22588767 ] } },
{ "type": "Feature", "properties": { "fid": null, "id": 1624594, "timestamp_start": "2013-05-31", "timestamp_end": "2030-12-31", "title": "Nachbarschaftsgarten am Broßmannplatz", "description": null, "weblink": "http://www.wiengestalten.at/gemeinschaftsgarten-brossmannplatz/", "host": "Verein Nachbarschaftsgarten am Broßmannplatz / GB*21", "category": "initiative", "reccuring": "initiative", "layer": "Gefiltert (keine Duplikate)", "path": "D:/Universität Kassel/Master/4. Semester - TU Wien/VU Web Mapping/group project/events_new.geojson|layername=events_new" }, "geometry": { "type": "Point", "coordinates": [ 16.39965146, 48.25227076 ] } },
{ "type": "Feature", "properties": { "fid": null, "id": 1624595, "timestamp_start": "2013-03-31", "timestamp_end": "2030-12-31", "title": "Seestadtgarten", "description": null, "weblink": "http://www.wiengestalten.at/seestadtgarten/", "host": "Verein Gartenpoylog", "category": "initiative", "reccuring": "initiative", "layer": "Gefiltert (keine Duplikate)", "path": "D:/Universität Kassel/Master/4. Semester - TU Wien/VU Web Mapping/group project/events_new.geojson|layername=events_new" }, "geometry": { "type": "Point", "coordinates": [ 16.49796686, 48.22500836 ] } },
{ "type": "Feature", "properties": { "fid": null, "id": 1624596, "timestamp_start": "2013-03-31", "timestamp_end": "2030-12-31", "title": "Seestadtgarten", "description": null, "weblink": "http://www.wiengestalten.at/seestadtgarten/", "host": "Verein Gartenpoylog", "category": "initiative", "reccuring": "initiative", "layer": "Gefiltert (keine Duplikate)", "path": "D:/Universität Kassel/Master/4. Semester - TU Wien/VU Web Mapping/group project/events_new.geojson|layername=events_new" }, "geometry": { "type": "Point", "coordinates": [ 16.49796686, 48.22500836 ] } },
{ "type": "Feature", "properties": { "fid": null, "id": 1624597, "timestamp_start": "2014-04-30", "timestamp_end": "2030-12-31", "title": "Wien 1&#215;1", "description": null, "weblink": "http://www.wiengestalten.at/wien-1x1/", "host": "MA 5 - Finanzwesen", "category": "initiative", "reccuring": "initiative", "layer": "Gefiltert (keine Duplikate)", "path": "D:/Universität Kassel/Master/4. Semester - TU Wien/VU Web Mapping/group project/events_new.geojson|layername=events_new" }, "geometry": { "type": "Point", "coordinates": [ 16.35783542, 48.21193097 ] } },
{ "type": "Feature", "properties": { "fid": null, "id": 1624598, "timestamp_start": "2014-09-11", "timestamp_end": "2030-12-31", "title": "Digitale Agenda Wien", "description": null, "weblink": "http://www.wiengestalten.at/digitale-agenda-wien/", "host": "Stadt Wien, Geschäftsbereich Organisation und Sicherheit, MD-OS - Gruppe Prozessmanagement und IKT-S", "category": "initiative", "reccuring": "initiative", "layer": "Gefiltert (keine Duplikate)", "path": "D:/Universität Kassel/Master/4. Semester - TU Wien/VU Web Mapping/group project/events_new.geojson|layername=events_new" }, "geometry": { "type": "Point", "coordinates": [ 16.35618113, 48.20965455 ] } },
{ "type": "Feature", "properties": { "fid": null, "id": 1624599, "timestamp_start": "2011-03-08", "timestamp_end": "2030-12-31", "title": "Open Government Data", "description": null, "weblink": "http://www.wiengestalten.at/open-government-data-wien/", "host": "Stadt Wien, Geschäftsbereich Organisation und Sicherheit, MD-OS - Gruppe Prozessmanagement und IKT-S", "category": "initiative", "reccuring": "initiative", "layer": "Gefiltert (keine Duplikate)", "path": "D:/Universität Kassel/Master/4. Semester - TU Wien/VU Web Mapping/group project/events_new.geojson|layername=events_new" }, "geometry": { "type": "Point", "coordinates": [ 16.35641711, 48.20995695 ] } },
{ "type": "Feature", "properties": { "fid": null, "id": 1624601, "timestamp_start": "2013-11-30", "timestamp_end": "2030-12-31", "title": "Wien zu Fuß Wunschbox", "description": null, "weblink": "http://www.wiengestalten.at/wien-zu-fuss-wunschbox/", "host": "Mobilitätsagentur Wien GmbH", "category": "initiative", "reccuring": "initiative", "layer": "Gefiltert (keine Duplikate)", "path": "D:/Universität Kassel/Master/4. Semester - TU Wien/VU Web Mapping/group project/events_new.geojson|layername=events_new" }, "geometry": { "type": "Point", "coordinates": [ 16.37836376, 48.21645856 ] } },
{ "type": "Feature", "properties": { "fid": null, "id": 1624603, "timestamp_start": "2011-10-19", "timestamp_end": "2030-12-31", "title": "1. Meidlinger Nachbarschaftsgarten &#8211; Steinhagegarten", "description": null, "weblink": "http://www.wiengestalten.at/1-meidlinger-nachbarschaftsgarten-steinhagegarten/", "host": "GB*5/12", "category": "initiative", "reccuring": "initiative", "layer": "Gefiltert (keine Duplikate)", "path": "D:/Universität Kassel/Master/4. Semester - TU Wien/VU Web Mapping/group project/events_new.geojson|layername=events_new" }, "geometry": { "type": "Point", "coordinates": [ 16.34066264, 48.18557969 ] } },
{ "type": "Feature", "properties": { "fid": null, "id": 1624604, "timestamp_start": "2011-10-19", "timestamp_end": "2030-12-31", "title": "1. Meidlinger Nachbarschaftsgarten &#8211; Steinhagegarten", "description": null, "weblink": "http://www.wiengestalten.at/1-meidlinger-nachbarschaftsgarten-steinhagegarten/", "host": "GB*5/12", "category": "initiative", "reccuring": "initiative", "layer": "Gefiltert (keine Duplikate)", "path": "D:/Universität Kassel/Master/4. Semester - TU Wien/VU Web Mapping/group project/events_new.geojson|layername=events_new" }, "geometry": { "type": "Point", "coordinates": [ 16.34066264, 48.18557969 ] } },
{ "type": "Feature", "properties": { "fid": null, "id": 1624605, "timestamp_start": "2013-01-02", "timestamp_end": "2030-12-31", "title": "Gemeinschaftsgarten Kirchengasse", "description": null, "weblink": "http://www.wiengestalten.at/gemeinschaftsgarten-krichengasse/", "host": null, "category": "initiative", "reccuring": "initiative", "layer": "Gefiltert (keine Duplikate)", "path": "D:/Universität Kassel/Master/4. Semester - TU Wien/VU Web Mapping/group project/events_new.geojson|layername=events_new" }, "geometry": { "type": "Point", "coordinates": [ 16.351919, 48.2046798 ] } },
{ "type": "Feature", "properties": { "fid": null, "id": 1624609, "timestamp_start": "2012-03-31", "timestamp_end": "2030-12-31", "title": "Gemeinschaftsgarten Rosenberg", "description": null, "weblink": "http://www.wiengestalten.at/gemeinschaftsgarten-rosenberg/", "host": "Wohnpartner 17_18_19", "category": "initiative", "reccuring": "initiative", "layer": "Gefiltert (keine Duplikate)", "path": "D:/Universität Kassel/Master/4. Semester - TU Wien/VU Web Mapping/group project/events_new.geojson|layername=events_new" }, "geometry": { "type": "Point", "coordinates": [ 16.30392567, 48.22954332 ] } },
{ "type": "Feature", "properties": { "fid": null, "id": 1624610, "timestamp_start": "2014-05-31", "timestamp_end": "2030-12-31", "title": "Junges Gemüse Wieden", "description": null, "weblink": "http://www.wiengestalten.at/junges-gemuese-wieden/", "host": null, "category": "initiative", "reccuring": "initiative", "layer": "Gefiltert (keine Duplikate)", "path": "D:/Universität Kassel/Master/4. Semester - TU Wien/VU Web Mapping/group project/events_new.geojson|layername=events_new" }, "geometry": { "type": "Point", "coordinates": [ 16.36328557, 48.18934448 ] } },
{ "type": "Feature", "properties": { "fid": null, "id": 1624611, "timestamp_start": "2014-05-31", "timestamp_end": "2030-12-31", "title": "Junges Gemüse Wieden", "description": null, "weblink": "http://www.wiengestalten.at/junges-gemuese-wieden/", "host": null, "category": "initiative", "reccuring": "initiative", "layer": "Gefiltert (keine Duplikate)", "path": "D:/Universität Kassel/Master/4. Semester - TU Wien/VU Web Mapping/group project/events_new.geojson|layername=events_new" }, "geometry": { "type": "Point", "coordinates": [ 16.36328557, 48.18934448 ] } },
{ "type": "Feature", "properties": { "fid": null, "id": 1624612, "timestamp_start": "2014-06-01", "timestamp_end": "2030-12-31", "title": "We love Ottakring", "description": null, "weblink": "http://www.wiengestalten.at/love-ottakring/", "host": "GB*7/8/16", "category": "initiative", "reccuring": "initiative", "layer": "Gefiltert (keine Duplikate)", "path": "D:/Universität Kassel/Master/4. Semester - TU Wien/VU Web Mapping/group project/events_new.geojson|layername=events_new" }, "geometry": { "type": "Point", "coordinates": [ 16.33161167, 48.21290914 ] } },
{ "type": "Feature", "properties": { "fid": null, "id": 1624613, "timestamp_start": "2014-04-23", "timestamp_end": "2030-12-31", "title": "Karls Garten", "description": null, "weblink": "http://www.wiengestalten.at/karlsgarten/", "host": "Karls Garten - Verein zur Förderung urbaner Landwirtschaft in Wien", "category": "initiative", "reccuring": "initiative", "layer": "Gefiltert (keine Duplikate)", "path": "D:/Universität Kassel/Master/4. Semester - TU Wien/VU Web Mapping/group project/events_new.geojson|layername=events_new" }, "geometry": { "type": "Point", "coordinates": [ 16.36769832, 48.20021022 ] } },
{ "type": "Feature", "properties": { "fid": null, "id": 1624614, "timestamp_start": "2012-09-30", "timestamp_end": "2030-12-31", "title": "Fahrrad Wunschbox", "description": null, "weblink": "http://www.wiengestalten.at/fahrrad-wunschbox/", "host": "Wien zu Fuß  Mobilitätsagentur Wien GmbH", "category": "initiative", "reccuring": "initiative", "layer": "Gefiltert (keine Duplikate)", "path": "D:/Universität Kassel/Master/4. Semester - TU Wien/VU Web Mapping/group project/events_new.geojson|layername=events_new" }, "geometry": { "type": "Point", "coordinates": [ 16.37836376, 48.21645856 ] } },
{ "type": "Feature", "properties": { "fid": null, "id": 1624633, "timestamp_start": "1999-12-31", "timestamp_end": "2030-12-31", "title": "Kidsline.at -  Kiddi + Co", "description": null, "weblink": "http://www.wiengestalten.at/kidsline-at-verein-kiddi-co/", "host": "Kiddy & Co", "category": "initiative", "reccuring": "initiative", "layer": "Gefiltert (keine Duplikate)", "path": "D:/Universität Kassel/Master/4. Semester - TU Wien/VU Web Mapping/group project/events_new.geojson|layername=events_new" }, "geometry": { "type": "Point", "coordinates": [ 16.30919382, 48.19604072 ] } },
{ "type": "Feature", "properties": { "fid": null, "id": 1625299, "timestamp_start": "2007-08-31", "timestamp_end": "2030-12-31", "title": "Generationenplattform: Auf eine gute Nachbarschaft im Norwegerviertel und Erzherzog-Karl-Stadt!", "description": null, "weblink": "http://www.wiengestalten.at/generationenplattform/", "host": "Lokale Agenda Donaustadt", "category": "initiative", "reccuring": "initiative", "layer": "Gefiltert (keine Duplikate)", "path": "D:/Universität Kassel/Master/4. Semester - TU Wien/VU Web Mapping/group project/events_new.geojson|layername=events_new" }, "geometry": { "type": "Point", "coordinates": [ 16.46765652, 48.21536064 ] } },
{ "type": "Feature", "properties": { "fid": null, "id": 1625300, "timestamp_start": "2007-08-31", "timestamp_end": "2030-12-31", "title": "Generationenplattform: Auf eine gute Nachbarschaft im Norwegerviertel und Erzherzog-Karl-Stadt!", "description": null, "weblink": "http://www.wiengestalten.at/generationenplattform/", "host": "Lokale Agenda Donaustadt", "category": "initiative", "reccuring": "initiative", "layer": "Gefiltert (keine Duplikate)", "path": "D:/Universität Kassel/Master/4. Semester - TU Wien/VU Web Mapping/group project/events_new.geojson|layername=events_new" }, "geometry": { "type": "Point", "coordinates": [ 16.46765652, 48.21536064 ] } },
{ "type": "Feature", "properties": { "fid": null, "id": 1625302, "timestamp_start": "2009-08-31", "timestamp_end": "2030-12-31", "title": "Kinder- und Jugendparlament Wieden JUPA 4", "description": null, "weblink": "http://www.wiengestalten.at/jugendparlament-wieden-jupa-4/", "host": "Wiener Familienbund", "category": "initiative", "reccuring": "initiative", "layer": "Gefiltert (keine Duplikate)", "path": "D:/Universität Kassel/Master/4. Semester - TU Wien/VU Web Mapping/group project/events_new.geojson|layername=events_new" }, "geometry": { "type": "Point", "coordinates": [ 16.36984171, 48.19434254 ] } },
{ "type": "Feature", "properties": { "fid": null, "id": 1625307, "timestamp_start": "2009-12-31", "timestamp_end": "2030-12-31", "title": "Die Gumpendorfer - eine aktive Straße", "description": null, "weblink": "http://www.wiengestalten.at/die-gumpendorfer-eine-aktive-strasse/", "host": "GB*6/14/15", "category": "initiative", "reccuring": "initiative", "layer": "Gefiltert (keine Duplikate)", "path": "D:/Universität Kassel/Master/4. Semester - TU Wien/VU Web Mapping/group project/events_new.geojson|layername=events_new" }, "geometry": { "type": "Point", "coordinates": [ 16.35156992, 48.1958529 ] } },
{ "type": "Feature", "properties": { "fid": null, "id": 1625312, "timestamp_start": "2011-02-28", "timestamp_end": "2030-12-31", "title": "Smart City Wien", "description": null, "weblink": "http://www.wiengestalten.at/smart-city-wien/", "host": "TINA Vienna Urban Technologies + Strategies GmbH", "category": "initiative", "reccuring": "initiative", "layer": "Gefiltert (keine Duplikate)", "path": "D:/Universität Kassel/Master/4. Semester - TU Wien/VU Web Mapping/group project/events_new.geojson|layername=events_new" }, "geometry": { "type": "Point", "coordinates": [ 16.36228621, 48.21751105 ] } },
{ "type": "Feature", "properties": { "fid": null, "id": 1625329, "timestamp_start": "2010-12-31", "timestamp_end": "2030-12-31", "title": "SUM – Konferenz", "description": null, "weblink": "http://www.wiengestalten.at/sum-konferenz/", "host": "Büro Plansinn - DI Maja Vilotijevic", "category": "initiative", "reccuring": "initiative", "layer": "Gefiltert (keine Duplikate)", "path": "D:/Universität Kassel/Master/4. Semester - TU Wien/VU Web Mapping/group project/events_new.geojson|layername=events_new" }, "geometry": { "type": "Point", "coordinates": [ 16.35691164, 48.21210714 ] } },
{ "type": "Feature", "properties": { "fid": null, "id": 1625330, "timestamp_start": "2010-12-31", "timestamp_end": "2030-12-31", "title": "SUM – Konferenz", "description": null, "weblink": "http://www.wiengestalten.at/sum-konferenz/", "host": "Büro Plansinn - DI Maja Vilotijevic", "category": "initiative", "reccuring": "initiative", "layer": "Gefiltert (keine Duplikate)", "path": "D:/Universität Kassel/Master/4. Semester - TU Wien/VU Web Mapping/group project/events_new.geojson|layername=events_new" }, "geometry": { "type": "Point", "coordinates": [ 16.35691164, 48.21210714 ] } },
{ "type": "Feature", "properties": { "fid": null, "id": 1625332, "timestamp_start": "1997-12-31", "timestamp_end": "2030-12-31", "title": "einfach - mehrfach", "description": null, "weblink": "http://www.wiengestalten.at/einfach-mehrfach/", "host": "MA 18 - Stadtentwicklung und Stadtplanung", "category": "initiative", "reccuring": "initiative", "layer": "Gefiltert (keine Duplikate)", "path": "D:/Universität Kassel/Master/4. Semester - TU Wien/VU Web Mapping/group project/events_new.geojson|layername=events_new" }, "geometry": { "type": "Point", "coordinates": [ 16.35691164, 48.21210714 ] } },
{ "type": "Feature", "properties": { "fid": null, "id": 1625333, "timestamp_start": "1997-12-31", "timestamp_end": "2030-12-31", "title": "einfach - mehrfach", "description": null, "weblink": "http://www.wiengestalten.at/einfach-mehrfach/", "host": "MA 18 - Stadtentwicklung und Stadtplanung", "category": "initiative", "reccuring": "initiative", "layer": "Gefiltert (keine Duplikate)", "path": "D:/Universität Kassel/Master/4. Semester - TU Wien/VU Web Mapping/group project/events_new.geojson|layername=events_new" }, "geometry": { "type": "Point", "coordinates": [ 16.35691164, 48.21210714 ] } },
{ "type": "Feature", "properties": { "fid": null, "id": 1625339, "timestamp_start": "2011-03-14", "timestamp_end": "2030-12-31", "title": "Bauernmarkt Stadlau", "description": null, "weblink": "http://www.wiengestalten.at/bauernmarkt-stadlau/", "host": "Lokale Agenda Donaustadt", "category": "initiative", "reccuring": "initiative", "layer": "Gefiltert (keine Duplikate)", "path": "D:/Universität Kassel/Master/4. Semester - TU Wien/VU Web Mapping/group project/events_new.geojson|layername=events_new" }, "geometry": { "type": "Point", "coordinates": [ 16.45131636, 48.22434727 ] } },
{ "type": "Feature", "properties": { "fid": null, "id": 1625347, "timestamp_start": "2009-12-31", "timestamp_end": "2030-12-31", "title": "KAESCH - Netzwerk für Nachbarschaftshilfe", "description": null, "weblink": "http://www.wiengestalten.at/kaesch-netzwerk-fuer-nachbarschaftshilfe/", "host": "KAESCH - Netzwerk für Nachbarschaftshilfe", "category": "initiative", "reccuring": "initiative", "layer": "Gefiltert (keine Duplikate)", "path": "D:/Universität Kassel/Master/4. Semester - TU Wien/VU Web Mapping/group project/events_new.geojson|layername=events_new" }, "geometry": { "type": "Point", "coordinates": [ 16.32706035, 48.16092535 ] } },
{ "type": "Feature", "properties": { "fid": null, "id": 1625348, "timestamp_start": "2010-12-31", "timestamp_end": "2030-12-31", "title": "KNH-Kulturnetz Hernals", "description": null, "weblink": "http://www.wiengestalten.at/knh-kulturnetz-hernals/", "host": "KUNST-MACHT Verein für Kunst- und Kulturvermittlung", "category": "initiative", "reccuring": "initiative", "layer": "Gefiltert (keine Duplikate)", "path": "D:/Universität Kassel/Master/4. Semester - TU Wien/VU Web Mapping/group project/events_new.geojson|layername=events_new" }, "geometry": { "type": "Point", "coordinates": [ 16.33227357, 48.21637011 ] } },
{ "type": "Feature", "properties": { "fid": null, "id": 1625354, "timestamp_start": "2007-12-31", "timestamp_end": "2030-12-31", "title": "Nachbarschaftsgarten Heigerlein", "description": null, "weblink": "http://www.wiengestalten.at/nachbarschaftsgarten-heigerlein/", "host": "Verein Gartenpoylog", "category": "initiative", "reccuring": "initiative", "layer": "Gefiltert (keine Duplikate)", "path": "D:/Universität Kassel/Master/4. Semester - TU Wien/VU Web Mapping/group project/events_new.geojson|layername=events_new" }, "geometry": { "type": "Point", "coordinates": [ 16.31210378, 48.21837567 ] } },
{ "type": "Feature", "properties": { "fid": null, "id": 1625355, "timestamp_start": "2007-12-31", "timestamp_end": "2030-12-31", "title": "Nachbarschaftsgarten Heigerlein", "description": null, "weblink": "http://www.wiengestalten.at/nachbarschaftsgarten-heigerlein/", "host": "Verein Gartenpoylog", "category": "initiative", "reccuring": "initiative", "layer": "Gefiltert (keine Duplikate)", "path": "D:/Universität Kassel/Master/4. Semester - TU Wien/VU Web Mapping/group project/events_new.geojson|layername=events_new" }, "geometry": { "type": "Point", "coordinates": [ 16.31210378, 48.21837567 ] } },
{ "type": "Feature", "properties": { "fid": null, "id": 1625358, "timestamp_start": "2006-12-31", "timestamp_end": "2030-12-31", "title": "Grätzelbeirat Stuwerviertel", "description": null, "weblink": "http://www.wiengestalten.at/graetzelbeirat-stuwerviertel/", "host": "GB*2/20", "category": "initiative", "reccuring": "initiative", "layer": "Gefiltert (keine Duplikate)", "path": "D:/Universität Kassel/Master/4. Semester - TU Wien/VU Web Mapping/group project/events_new.geojson|layername=events_new" }, "geometry": { "type": "Point", "coordinates": [ 16.40019842, 48.22076466 ] } },
{ "type": "Feature", "properties": { "fid": null, "id": 1625365, "timestamp_start": "2007-12-31", "timestamp_end": "2030-12-31", "title": "Welt(en)reise - Interkultureller Dialog", "description": null, "weblink": "http://www.wiengestalten.at/weltenreise-unterkultureller-dialog/", "host": "Lokale Agenda Landstraße", "category": "initiative", "reccuring": "initiative", "layer": "Gefiltert (keine Duplikate)", "path": "D:/Universität Kassel/Master/4. Semester - TU Wien/VU Web Mapping/group project/events_new.geojson|layername=events_new" }, "geometry": { "type": "Point", "coordinates": [ 16.38648462, 48.19918711 ] } },
{ "type": "Feature", "properties": { "fid": null, "id": 1625368, "timestamp_start": "2010-12-31", "timestamp_end": "2030-12-31", "title": "Zaubergarden", "description": null, "weblink": "http://www.wiengestalten.at/zaubergarden/", "host": "Lokale Agenda Liesing", "category": "initiative", "reccuring": "initiative", "layer": "Gefiltert (keine Duplikate)", "path": "D:/Universität Kassel/Master/4. Semester - TU Wien/VU Web Mapping/group project/events_new.geojson|layername=events_new" }, "geometry": { "type": "Point", "coordinates": [ 16.25761317, 48.13575673 ] } },
{ "type": "Feature", "properties": { "fid": null, "id": 1625369, "timestamp_start": "2010-12-31", "timestamp_end": "2030-12-31", "title": "Zaubergarden", "description": null, "weblink": "http://www.wiengestalten.at/zaubergarden/", "host": "Lokale Agenda Liesing", "category": "initiative", "reccuring": "initiative", "layer": "Gefiltert (keine Duplikate)", "path": "D:/Universität Kassel/Master/4. Semester - TU Wien/VU Web Mapping/group project/events_new.geojson|layername=events_new" }, "geometry": { "type": "Point", "coordinates": [ 16.25761317, 48.13575673 ] } },
{ "type": "Feature", "properties": { "fid": null, "id": 1625370, "timestamp_start": "2010-02-28", "timestamp_end": "2030-12-31", "title": "Kunstplatzl im 3.", "description": null, "weblink": "http://www.wiengestalten.at/kunstplatzl-im-3/", "host": "Lokale Agenda Landstraße", "category": "initiative", "reccuring": "initiative", "layer": "Gefiltert (keine Duplikate)", "path": "D:/Universität Kassel/Master/4. Semester - TU Wien/VU Web Mapping/group project/events_new.geojson|layername=events_new" }, "geometry": { "type": "Point", "coordinates": [ 16.38649469, 48.1993525 ] } },
{ "type": "Feature", "properties": { "fid": null, "id": 1625372, "timestamp_start": "2009-12-31", "timestamp_end": "2030-12-31", "title": "Stadterneuerung Arsenal", "description": null, "weblink": "http://www.wiengestalten.at/stadterneuerung-arsenal/", "host": "GB* 3/11", "category": "initiative", "reccuring": "initiative", "layer": "Gefiltert (keine Duplikate)", "path": "D:/Universität Kassel/Master/4. Semester - TU Wien/VU Web Mapping/group project/events_new.geojson|layername=events_new" }, "geometry": { "type": "Point", "coordinates": [ 16.40397653, 48.1960994 ] } },
{ "type": "Feature", "properties": { "fid": null, "id": 1625373, "timestamp_start": "2009-12-31", "timestamp_end": "2030-12-31", "title": "Stadterneuerung Arsenal", "description": null, "weblink": "http://www.wiengestalten.at/stadterneuerung-arsenal/", "host": "GB* 3/11", "category": "initiative", "reccuring": "initiative", "layer": "Gefiltert (keine Duplikate)", "path": "D:/Universität Kassel/Master/4. Semester - TU Wien/VU Web Mapping/group project/events_new.geojson|layername=events_new" }, "geometry": { "type": "Point", "coordinates": [ 16.40397653, 48.1960994 ] } },
{ "type": "Feature", "properties": { "fid": null, "id": 1625374, "timestamp_start": "2009-12-31", "timestamp_end": "2030-12-31", "title": "Mehrwert Sanierungsinitiative in der Kreta", "description": null, "weblink": "http://www.wiengestalten.at/mehrwert-sanierungsinitiative-kreta/", "host": "GB*10", "category": "initiative", "reccuring": "initiative", "layer": "Gefiltert (keine Duplikate)", "path": "D:/Universität Kassel/Master/4. Semester - TU Wien/VU Web Mapping/group project/events_new.geojson|layername=events_new" }, "geometry": { "type": "Point", "coordinates": [ 16.37765883, 48.17509306 ] } },
{ "type": "Feature", "properties": { "fid": null, "id": 1625375, "timestamp_start": "2010-06-30", "timestamp_end": "2030-12-31", "title": "Öffentlicher Raum - Asphaltpiraten", "description": null, "weblink": "http://www.wiengestalten.at/asphaltpiraten-rueckeroberung-des-oeffentlichen-raumes/", "host": "Lokale Agenda Josefstadt", "category": "initiative", "reccuring": "initiative", "layer": "Gefiltert (keine Duplikate)", "path": "D:/Universität Kassel/Master/4. Semester - TU Wien/VU Web Mapping/group project/events_new.geojson|layername=events_new" }, "geometry": { "type": "Point", "coordinates": [ 16.34416277, 48.2132408 ] } },
{ "type": "Feature", "properties": { "fid": null, "id": 1625376, "timestamp_start": "2009-09-30", "timestamp_end": "2030-12-31", "title": "Zu Fuß und mit dem Rad unterwegs", "description": null, "weblink": "http://www.wiengestalten.at/zu-fuss-und-mit-dem-rad-unterwegs/", "host": "Lokale Agenda Landstraße", "category": "initiative", "reccuring": "initiative", "layer": "Gefiltert (keine Duplikate)", "path": "D:/Universität Kassel/Master/4. Semester - TU Wien/VU Web Mapping/group project/events_new.geojson|layername=events_new" }, "geometry": { "type": "Point", "coordinates": [ 16.38648462, 48.19918711 ] } },
{ "type": "Feature", "properties": { "fid": null, "id": 1625377, "timestamp_start": "2009-09-30", "timestamp_end": "2030-12-31", "title": "Zu Fuß und mit dem Rad unterwegs", "description": null, "weblink": "http://www.wiengestalten.at/zu-fuss-und-mit-dem-rad-unterwegs/", "host": "Lokale Agenda Landstraße", "category": "initiative", "reccuring": "initiative", "layer": "Gefiltert (keine Duplikate)", "path": "D:/Universität Kassel/Master/4. Semester - TU Wien/VU Web Mapping/group project/events_new.geojson|layername=events_new" }, "geometry": { "type": "Point", "coordinates": [ 16.38648462, 48.19918711 ] } },
{ "type": "Feature", "properties": { "fid": null, "id": 1625378, "timestamp_start": "2010-12-31", "timestamp_end": "2030-12-31", "title": "Grätzelbüro-20 Zwischenbrücken", "description": null, "weblink": "http://www.wiengestalten.at/graetzelbuero-20-zwischenbruecken/", "host": "GB*2/20", "category": "initiative", "reccuring": "initiative", "layer": "Gefiltert (keine Duplikate)", "path": "D:/Universität Kassel/Master/4. Semester - TU Wien/VU Web Mapping/group project/events_new.geojson|layername=events_new" }, "geometry": { "type": "Point", "coordinates": [ 16.39913984, 48.22668439 ] } },
{ "type": "Feature", "properties": { "fid": null, "id": 1625379, "timestamp_start": "2004-12-31", "timestamp_end": "2030-12-31", "title": "Grätzelbeirat Volkert- und Alliiertenviertel", "description": null, "weblink": "http://www.wiengestalten.at/graetzelbeirat-volkert-und-alliiertenviertel/", "host": "GB* 2/20", "category": "initiative", "reccuring": "initiative", "layer": "Gefiltert (keine Duplikate)", "path": "D:/Universität Kassel/Master/4. Semester - TU Wien/VU Web Mapping/group project/events_new.geojson|layername=events_new" }, "geometry": { "type": "Point", "coordinates": [ 16.38645468, 48.22333366 ] } },
{ "type": "Feature", "properties": { "fid": null, "id": 1625380, "timestamp_start": "2004-12-31", "timestamp_end": "2030-12-31", "title": "Grätzelbeirat Volkert- und Alliiertenviertel", "description": null, "weblink": "http://www.wiengestalten.at/graetzelbeirat-volkert-und-alliiertenviertel/", "host": "GB* 2/20", "category": "initiative", "reccuring": "initiative", "layer": "Gefiltert (keine Duplikate)", "path": "D:/Universität Kassel/Master/4. Semester - TU Wien/VU Web Mapping/group project/events_new.geojson|layername=events_new" }, "geometry": { "type": "Point", "coordinates": [ 16.38645468, 48.22333366 ] } },
{ "type": "Feature", "properties": { "fid": null, "id": 1625383, "timestamp_start": "2010-12-31", "timestamp_end": "2030-12-31", "title": "Garteln ums Eck", "description": null, "weblink": "http://www.wiengestalten.at/garteln-ums-eck/", "host": "GB*6/14/15", "category": "initiative", "reccuring": "initiative", "layer": "Gefiltert (keine Duplikate)", "path": "D:/Universität Kassel/Master/4. Semester - TU Wien/VU Web Mapping/group project/events_new.geojson|layername=events_new" }, "geometry": { "type": "Point", "coordinates": [ 16.37998824, 48.20229622 ] } },
{ "type": "Feature", "properties": { "fid": null, "id": 1625384, "timestamp_start": "2010-12-31", "timestamp_end": "2030-12-31", "title": "Garteln ums Eck", "description": null, "weblink": "http://www.wiengestalten.at/garteln-ums-eck/", "host": "GB*6/14/15", "category": "initiative", "reccuring": "initiative", "layer": "Gefiltert (keine Duplikate)", "path": "D:/Universität Kassel/Master/4. Semester - TU Wien/VU Web Mapping/group project/events_new.geojson|layername=events_new" }, "geometry": { "type": "Point", "coordinates": [ 16.37998824, 48.20229622 ] } },
{ "type": "Feature", "properties": { "fid": null, "id": 1625388, "timestamp_start": "2009-12-31", "timestamp_end": "2030-12-31", "title": "Stadtteilnetzwerk Stadlau", "description": null, "weblink": "http://www.wiengestalten.at/stadtteilnetzwerk-stadlau/", "host": "Lokale Agenda Donaustadt", "category": "initiative", "reccuring": "initiative", "layer": "Gefiltert (keine Duplikate)", "path": "D:/Universität Kassel/Master/4. Semester - TU Wien/VU Web Mapping/group project/events_new.geojson|layername=events_new" }, "geometry": { "type": "Point", "coordinates": [ 16.45619566, 48.22901164 ] } },
{ "type": "Feature", "properties": { "fid": null, "id": 1625389, "timestamp_start": "2012-05-31", "timestamp_end": "2030-12-31", "title": "Gemeinschaftsgärten Tigerpark und Pfeilheim", "description": null, "weblink": "http://www.wiengestalten.at/gemeinschaftsgaerten-im-tigerpark-und-vor-dem-pfeilheim/", "host": "Lokale Agenda Josefstadt", "category": "initiative", "reccuring": "initiative", "layer": "Gefiltert (keine Duplikate)", "path": "D:/Universität Kassel/Master/4. Semester - TU Wien/VU Web Mapping/group project/events_new.geojson|layername=events_new" }, "geometry": { "type": "Point", "coordinates": [ 16.34532106, 48.20882091 ] } },
{ "type": "Feature", "properties": { "fid": null, "id": 1625390, "timestamp_start": "2012-05-31", "timestamp_end": "2030-12-31", "title": "Gemeinschaftsgärten Tigerpark und Pfeilheim", "description": null, "weblink": "http://www.wiengestalten.at/gemeinschaftsgaerten-im-tigerpark-und-vor-dem-pfeilheim/", "host": "Lokale Agenda Josefstadt", "category": "initiative", "reccuring": "initiative", "layer": "Gefiltert (keine Duplikate)", "path": "D:/Universität Kassel/Master/4. Semester - TU Wien/VU Web Mapping/group project/events_new.geojson|layername=events_new" }, "geometry": { "type": "Point", "coordinates": [ 16.34532106, 48.20882091 ] } },
{ "type": "Feature", "properties": { "fid": null, "id": 1625391, "timestamp_start": "2010-12-31", "timestamp_end": "2030-12-31", "title": "Äußere Liechtensteinstraße", "description": null, "weblink": "http://www.wiengestalten.at/aeussere-liechtensteinstrasse/", "host": "Lokale Agenda Alsergrund", "category": "initiative", "reccuring": "initiative", "layer": "Gefiltert (keine Duplikate)", "path": "D:/Universität Kassel/Master/4. Semester - TU Wien/VU Web Mapping/group project/events_new.geojson|layername=events_new" }, "geometry": { "type": "Point", "coordinates": [ 16.35435541, 48.22587481 ] } },
{ "type": "Feature", "properties": { "fid": null, "id": 1625392, "timestamp_start": "2010-12-31", "timestamp_end": "2030-12-31", "title": "Äußere Liechtensteinstraße", "description": null, "weblink": "http://www.wiengestalten.at/aeussere-liechtensteinstrasse/", "host": "Lokale Agenda Alsergrund", "category": "initiative", "reccuring": "initiative", "layer": "Gefiltert (keine Duplikate)", "path": "D:/Universität Kassel/Master/4. Semester - TU Wien/VU Web Mapping/group project/events_new.geojson|layername=events_new" }, "geometry": { "type": "Point", "coordinates": [ 16.35435541, 48.22587481 ] } },
{ "type": "Feature", "properties": { "fid": null, "id": 1625394, "timestamp_start": "2011-09-30", "timestamp_end": "2030-12-31", "title": "Lebensraum Lange Gasse", "description": null, "weblink": "http://www.wiengestalten.at/lebensraum-lange-gasse/", "host": "Lokale Agenda Josefstadt", "category": "initiative", "reccuring": "initiative", "layer": "Gefiltert (keine Duplikate)", "path": "D:/Universität Kassel/Master/4. Semester - TU Wien/VU Web Mapping/group project/events_new.geojson|layername=events_new" }, "geometry": { "type": "Point", "coordinates": [ 16.3517211, 48.21046391 ] } },
{ "type": "Feature", "properties": { "fid": null, "id": 1625395, "timestamp_start": "2011-09-30", "timestamp_end": "2030-12-31", "title": "Lebensraum Lange Gasse", "description": null, "weblink": "http://www.wiengestalten.at/lebensraum-lange-gasse/", "host": "Lokale Agenda Josefstadt", "category": "initiative", "reccuring": "initiative", "layer": "Gefiltert (keine Duplikate)", "path": "D:/Universität Kassel/Master/4. Semester - TU Wien/VU Web Mapping/group project/events_new.geojson|layername=events_new" }, "geometry": { "type": "Point", "coordinates": [ 16.3517211, 48.21046391 ] } },
{ "type": "Feature", "properties": { "fid": null, "id": 1625396, "timestamp_start": "2004-12-31", "timestamp_end": "2030-12-31", "title": "Attraktivierung des Kutschkermarktes", "description": null, "weblink": "http://www.wiengestalten.at/attraktivierung-des-kutschkermarktes/", "host": "GB*9/17/18", "category": "initiative", "reccuring": "initiative", "layer": "Gefiltert (keine Duplikate)", "path": "D:/Universität Kassel/Master/4. Semester - TU Wien/VU Web Mapping/group project/events_new.geojson|layername=events_new" }, "geometry": { "type": "Point", "coordinates": [ 16.34474747, 48.22556334 ] } },
{ "type": "Feature", "properties": { "fid": null, "id": 1625397, "timestamp_start": "2003-12-31", "timestamp_end": "2030-12-31", "title": "Word up! 23", "description": null, "weblink": "http://www.wiengestalten.at/word-up-23/", "host": "Jugendzentrum Alterlaa", "category": "initiative", "reccuring": "initiative", "layer": "Gefiltert (keine Duplikate)", "path": "D:/Universität Kassel/Master/4. Semester - TU Wien/VU Web Mapping/group project/events_new.geojson|layername=events_new" }, "geometry": { "type": "Point", "coordinates": [ 16.28215297, 48.13486362 ] } },
{ "type": "Feature", "properties": { "fid": null, "id": 1625398, "timestamp_start": "2010-12-31", "timestamp_end": "2030-12-31", "title": "Word Up! 21", "description": null, "weblink": "http://www.wiengestalten.at/word-up-21/", "host": "Jugendzentrum Großfeldsiedlung Nautilus", "category": "initiative", "reccuring": "initiative", "layer": "Gefiltert (keine Duplikate)", "path": "D:/Universität Kassel/Master/4. Semester - TU Wien/VU Web Mapping/group project/events_new.geojson|layername=events_new" }, "geometry": { "type": "Point", "coordinates": [ 16.45359803, 48.26775145 ] } },
{ "type": "Feature", "properties": { "fid": null, "id": 1625401, "timestamp_start": "2011-12-31", "timestamp_end": "2030-12-31", "title": "Neugestaltung Schönbornpark", "description": null, "weblink": "http://www.wiengestalten.at/neugestaltung-schoenbornpark/", "host": "Bezirksvorstehung Josefstadt", "category": "initiative", "reccuring": "initiative", "layer": "Gefiltert (keine Duplikate)", "path": "D:/Universität Kassel/Master/4. Semester - TU Wien/VU Web Mapping/group project/events_new.geojson|layername=events_new" }, "geometry": { "type": "Point", "coordinates": [ 16.35144501, 48.21229622 ] } },
{ "type": "Feature", "properties": { "fid": null, "id": 1625402, "timestamp_start": "2011-12-31", "timestamp_end": "2030-12-31", "title": "Neugestaltung Schönbornpark", "description": null, "weblink": "http://www.wiengestalten.at/neugestaltung-schoenbornpark/", "host": "Bezirksvorstehung Josefstadt", "category": "initiative", "reccuring": "initiative", "layer": "Gefiltert (keine Duplikate)", "path": "D:/Universität Kassel/Master/4. Semester - TU Wien/VU Web Mapping/group project/events_new.geojson|layername=events_new" }, "geometry": { "type": "Point", "coordinates": [ 16.35144501, 48.21229622 ] } },
{ "type": "Feature", "properties": { "fid": null, "id": 1625405, "timestamp_start": "2009-12-31", "timestamp_end": "2030-12-31", "title": "Word up! 20", "description": null, "weblink": "http://www.wiengestalten.at/word-up-20/", "host": "Jugendzentrum BasE 20", "category": "initiative", "reccuring": "initiative", "layer": "Gefiltert (keine Duplikate)", "path": "D:/Universität Kassel/Master/4. Semester - TU Wien/VU Web Mapping/group project/events_new.geojson|layername=events_new" }, "geometry": { "type": "Point", "coordinates": [ 16.38296208, 48.24169764 ] } },
{ "type": "Feature", "properties": { "fid": null, "id": 1625406, "timestamp_start": "2009-12-31", "timestamp_end": "2030-12-31", "title": "Kinder- und Jugendparlament Währing", "description": null, "weblink": "http://www.wiengestalten.at/kinder-und-jugendparlament-waehring/", "host": "Wiener Familienbund", "category": "initiative", "reccuring": "initiative", "layer": "Gefiltert (keine Duplikate)", "path": "D:/Universität Kassel/Master/4. Semester - TU Wien/VU Web Mapping/group project/events_new.geojson|layername=events_new" }, "geometry": { "type": "Point", "coordinates": [ 16.34166956, 48.22208459 ] } },
{ "type": "Feature", "properties": { "fid": null, "id": 1625407, "timestamp_start": "2005-12-31", "timestamp_end": "2030-12-31", "title": "Ottakringer SchülerInnenparlament", "description": null, "weblink": "http://www.wiengestalten.at/ottakringer-schuelerinnenparlament/", "host": "Take Part!", "category": "initiative", "reccuring": "initiative", "layer": "Gefiltert (keine Duplikate)", "path": "D:/Universität Kassel/Master/4. Semester - TU Wien/VU Web Mapping/group project/events_new.geojson|layername=events_new" }, "geometry": { "type": "Point", "coordinates": [ 16.30622997, 48.21338054 ] } },
{ "type": "Feature", "properties": { "fid": null, "id": 1625409, "timestamp_start": "2002-12-31", "timestamp_end": "2030-12-31", "title": "Kinder- und Jugendparlament Penzing", "description": null, "weblink": "http://www.wiengestalten.at/kinder-und-jugendparlament-penzing/", "host": "Kiddy &Co", "category": "initiative", "reccuring": "initiative", "layer": "Gefiltert (keine Duplikate)", "path": "D:/Universität Kassel/Master/4. Semester - TU Wien/VU Web Mapping/group project/events_new.geojson|layername=events_new" }, "geometry": { "type": "Point", "coordinates": [ 16.30919382, 48.19604072 ] } },
{ "type": "Feature", "properties": { "fid": null, "id": 1625410, "timestamp_start": "2005-12-31", "timestamp_end": "2030-12-31", "title": "Kinder- und Jugendparlament Hietzing", "description": null, "weblink": "http://www.wiengestalten.at/kinder-und-jugendparlament-hietzing/", "host": "Wiener Familienbund", "category": "initiative", "reccuring": "initiative", "layer": "Gefiltert (keine Duplikate)", "path": "D:/Universität Kassel/Master/4. Semester - TU Wien/VU Web Mapping/group project/events_new.geojson|layername=events_new" }, "geometry": { "type": "Point", "coordinates": [ 16.29982026, 48.187931 ] } },
{ "type": "Feature", "properties": { "fid": null, "id": 1625411, "timestamp_start": "2005-12-31", "timestamp_end": "2030-12-31", "title": "Kinder- und Jugendbeirat Meidling", "description": null, "weblink": "http://www.wiengestalten.at/kinder-und-jugendbeirat-meidling/", "host": "JIM Jugend In Meidling", "category": "initiative", "reccuring": "initiative", "layer": "Gefiltert (keine Duplikate)", "path": "D:/Universität Kassel/Master/4. Semester - TU Wien/VU Web Mapping/group project/events_new.geojson|layername=events_new" }, "geometry": { "type": "Point", "coordinates": [ 16.32916328, 48.18311847 ] } },
{ "type": "Feature", "properties": { "fid": null, "id": 1625412, "timestamp_start": "2000-12-31", "timestamp_end": "2030-12-31", "title": "Word up! 11", "description": null, "weblink": "http://www.wiengestalten.at/word-up-11/", "host": "Siedlungstreff Leberberg", "category": "initiative", "reccuring": "initiative", "layer": "Gefiltert (keine Duplikate)", "path": "D:/Universität Kassel/Master/4. Semester - TU Wien/VU Web Mapping/group project/events_new.geojson|layername=events_new" }, "geometry": { "type": "Point", "coordinates": [ 16.45927326, 48.15484656 ] } },
{ "type": "Feature", "properties": { "fid": null, "id": 1625413, "timestamp_start": "2000-12-31", "timestamp_end": "2030-12-31", "title": "Word up! 09", "description": null, "weblink": "http://www.wiengestalten.at/word-up-09/", "host": "Zentrum 9", "category": "initiative", "reccuring": "initiative", "layer": "Gefiltert (keine Duplikate)", "path": "D:/Universität Kassel/Master/4. Semester - TU Wien/VU Web Mapping/group project/events_new.geojson|layername=events_new" }, "geometry": { "type": "Point", "coordinates": [ 16.35426867, 48.22072856 ] } },
{ "type": "Feature", "properties": { "fid": null, "id": 1625414, "timestamp_start": "2004-12-31", "timestamp_end": "2030-12-31", "title": "SchülerInnen- und Jugendparlament Josefstadt", "description": null, "weblink": "http://www.wiengestalten.at/schuelerinnen-und-jugendparlament-josefstadt/", "host": "Jugendparlament Josefstadt", "category": "initiative", "reccuring": "initiative", "layer": "Gefiltert (keine Duplikate)", "path": "D:/Universität Kassel/Master/4. Semester - TU Wien/VU Web Mapping/group project/events_new.geojson|layername=events_new" }, "geometry": { "type": "Point", "coordinates": [ 16.34721795, 48.2109774 ] } },
{ "type": "Feature", "properties": { "fid": null, "id": 1625415, "timestamp_start": "2001-12-31", "timestamp_end": "2030-12-31", "title": "Ich mach' mit in Neubau!", "description": null, "weblink": "http://www.wiengestalten.at/ich-mach-mit-in-neubau/", "host": "Take Part!", "category": "initiative", "reccuring": "initiative", "layer": "Gefiltert (keine Duplikate)", "path": "D:/Universität Kassel/Master/4. Semester - TU Wien/VU Web Mapping/group project/events_new.geojson|layername=events_new" }, "geometry": { "type": "Point", "coordinates": [ 16.34704265, 48.20284971 ] } },
{ "type": "Feature", "properties": { "fid": null, "id": 1625416, "timestamp_start": "1997-12-31", "timestamp_end": "2030-12-31", "title": "SchülerInnenparlament Mariahilf", "description": null, "weblink": "http://www.wiengestalten.at/schuelerinnenparlament-mariahilf/", "host": "JUVIVO6", "category": "initiative", "reccuring": "initiative", "layer": "Gefiltert (keine Duplikate)", "path": "D:/Universität Kassel/Master/4. Semester - TU Wien/VU Web Mapping/group project/events_new.geojson|layername=events_new" }, "geometry": { "type": "Point", "coordinates": [ 16.35091358, 48.19706869 ] } },
{ "type": "Feature", "properties": { "fid": null, "id": 1625417, "timestamp_start": "1998-12-31", "timestamp_end": "2030-12-31", "title": "SchülerInnenparlament Margareten", "description": null, "weblink": "http://www.wiengestalten.at/schuelerinnenparlament-margareten/", "host": "IFEP – Institut für Erlebnispädagogik", "category": "initiative", "reccuring": "initiative", "layer": "Gefiltert (keine Duplikate)", "path": "D:/Universität Kassel/Master/4. Semester - TU Wien/VU Web Mapping/group project/events_new.geojson|layername=events_new" }, "geometry": { "type": "Point", "coordinates": [ 16.35419306, 48.19056413 ] } },
{ "type": "Feature", "properties": { "fid": null, "id": 1625418, "timestamp_start": "2012-01-31", "timestamp_end": "2030-12-31", "title": "Fasanmarkt", "description": null, "weblink": "http://www.wiengestalten.at/bauernmarkt-agendagruppe-fasanmarkt/", "host": "ARGE Fasanmarkt", "category": "initiative", "reccuring": "initiative", "layer": "Gefiltert (keine Duplikate)", "path": "D:/Universität Kassel/Master/4. Semester - TU Wien/VU Web Mapping/group project/events_new.geojson|layername=events_new" }, "geometry": { "type": "Point", "coordinates": [ 16.3870557, 48.19453432 ] } },
{ "type": "Feature", "properties": { "fid": null, "id": 1625419, "timestamp_start": "2000-12-31", "timestamp_end": "2030-12-31", "title": "SchülerInnenparlament Landstraße", "description": null, "weblink": "http://www.wiengestalten.at/schuelerinnenparlament-landstrasse/", "host": "JUVIVO.03", "category": "initiative", "reccuring": "initiative", "layer": "Gefiltert (keine Duplikate)", "path": "D:/Universität Kassel/Master/4. Semester - TU Wien/VU Web Mapping/group project/events_new.geojson|layername=events_new" }, "geometry": { "type": "Point", "coordinates": [ 16.40483302, 48.19673705 ] } },
{ "type": "Feature", "properties": { "fid": null, "id": 1625420, "timestamp_start": "1999-12-31", "timestamp_end": "2030-12-31", "title": "Kinder- und Jugendparlament Innere Stadt", "description": null, "weblink": "http://www.wiengestalten.at/kinder-und-jugendparlament-innere-stadt/", "host": "Wiener Familienbund", "category": "initiative", "reccuring": "initiative", "layer": "Gefiltert (keine Duplikate)", "path": "D:/Universität Kassel/Master/4. Semester - TU Wien/VU Web Mapping/group project/events_new.geojson|layername=events_new" }, "geometry": { "type": "Point", "coordinates": [ 16.37102527, 48.21180622 ] } },
{ "type": "Feature", "properties": { "fid": null, "id": 1625425, "timestamp_start": "2009-12-31", "timestamp_end": "2030-12-31", "title": "Agendagruppe \"Buntes Weißgerbergrätzl\"", "description": null, "weblink": "http://www.wiengestalten.at/agendagruppe-buntes-weissgerbergraetzl/", "host": "Lokale Agenda Landstraße", "category": "initiative", "reccuring": "initiative", "layer": "Gefiltert (keine Duplikate)", "path": "D:/Universität Kassel/Master/4. Semester - TU Wien/VU Web Mapping/group project/events_new.geojson|layername=events_new" }, "geometry": { "type": "Point", "coordinates": [ 16.38649469, 48.1993525 ] } },
{ "type": "Feature", "properties": { "fid": null, "id": 1625427, "timestamp_start": "2011-12-31", "timestamp_end": "2030-12-31", "title": "Ein offenes Ohr für Monte Laa", "description": null, "weblink": "http://www.wiengestalten.at/ein-offenes-ohr-fuer-monte-laa/", "host": "GB*10", "category": "initiative", "reccuring": "initiative", "layer": "Gefiltert (keine Duplikate)", "path": "D:/Universität Kassel/Master/4. Semester - TU Wien/VU Web Mapping/group project/events_new.geojson|layername=events_new" }, "geometry": { "type": "Point", "coordinates": [ 16.4128219, 48.14069402 ] } },
{ "type": "Feature", "properties": { "fid": null, "id": 1625428, "timestamp_start": "2011-12-31", "timestamp_end": "2030-12-31", "title": "Nordbahnvierteltreff", "description": null, "weblink": "http://www.wiengestalten.at/nordbahnvierteltreff/", "host": "GB*STM Nordbahnviertel", "category": "initiative", "reccuring": "initiative", "layer": "Gefiltert (keine Duplikate)", "path": "D:/Universität Kassel/Master/4. Semester - TU Wien/VU Web Mapping/group project/events_new.geojson|layername=events_new" }, "geometry": { "type": "Point", "coordinates": [ 16.39689144, 48.2231495 ] } },
{ "type": "Feature", "properties": { "fid": null, "id": 1625429, "timestamp_start": "2011-12-31", "timestamp_end": "2030-12-31", "title": "Nordbahnvierteltreff", "description": null, "weblink": "http://www.wiengestalten.at/nordbahnvierteltreff/", "host": "GB*STM Nordbahnviertel", "category": "initiative", "reccuring": "initiative", "layer": "Gefiltert (keine Duplikate)", "path": "D:/Universität Kassel/Master/4. Semester - TU Wien/VU Web Mapping/group project/events_new.geojson|layername=events_new" }, "geometry": { "type": "Point", "coordinates": [ 16.39689144, 48.2231495 ] } },
{ "type": "Feature", "properties": { "fid": null, "id": 1625438, "timestamp_start": "2012-02-29", "timestamp_end": "2030-12-31", "title": "Wiener Charta des Zusammenlebens", "description": null, "weblink": "http://www.wiengestalten.at/wiener-charta-des-zusammenlebens/", "host": null, "category": "initiative", "reccuring": "initiative", "layer": "Gefiltert (keine Duplikate)", "path": "D:/Universität Kassel/Master/4. Semester - TU Wien/VU Web Mapping/group project/events_new.geojson|layername=events_new" }, "geometry": { "type": "Point", "coordinates": [ 16.35505735, 48.21031583 ] } },
{ "type": "Feature", "properties": { "fid": null, "id": 1625443, "timestamp_start": "2001-12-31", "timestamp_end": "2030-12-31", "title": "Rein ins Rathaus – Kinderstadt", "description": null, "weblink": "http://www.wiengestalten.at/rein-ins-rathaus-kinderstadt/", "host": "wienXtra – ferienspiel", "category": "initiative", "reccuring": "initiative", "layer": "Gefiltert (keine Duplikate)", "path": "D:/Universität Kassel/Master/4. Semester - TU Wien/VU Web Mapping/group project/events_new.geojson|layername=events_new" }, "geometry": { "type": "Point", "coordinates": [ 16.35513238, 48.21125678 ] } },
{ "type": "Feature", "properties": { "fid": null, "id": 1625444, "timestamp_start": "2010-11-29", "timestamp_end": "2030-12-31", "title": "Gov2.0 Camp", "description": null, "weblink": "http://www.wiengestalten.at/gov20-camp/", "host": "Dialog Plus", "category": "initiative", "reccuring": "initiative", "layer": "Gefiltert (keine Duplikate)", "path": "D:/Universität Kassel/Master/4. Semester - TU Wien/VU Web Mapping/group project/events_new.geojson|layername=events_new" }, "geometry": { "type": "Point", "coordinates": [ 16.33758451, 48.24620191 ] } },
{ "type": "Feature", "properties": { "fid": null, "id": 1625449, "timestamp_start": "2000-12-31", "timestamp_end": "2030-12-31", "title": "Word Up! 02", "description": null, "weblink": "http://www.wiengestalten.at/word-up-02/", "host": "Verein Wiener Jugendzentren", "category": "initiative", "reccuring": "initiative", "layer": "Gefiltert (keine Duplikate)", "path": "D:/Universität Kassel/Master/4. Semester - TU Wien/VU Web Mapping/group project/events_new.geojson|layername=events_new" }, "geometry": { "type": "Point", "coordinates": [ 16.37972346, 48.21651219 ] } },
{ "type": "Feature", "properties": { "fid": null, "id": 1625450, "timestamp_start": "2009-12-31", "timestamp_end": "2030-12-31", "title": "SiP – SchülerInnen Parlament", "description": null, "weblink": "http://www.wiengestalten.at/sip-schuelerinnen-parlament/", "host": "Wiener Landesschülervertretung", "category": "initiative", "reccuring": "initiative", "layer": "Gefiltert (keine Duplikate)", "path": "D:/Universität Kassel/Master/4. Semester - TU Wien/VU Web Mapping/group project/events_new.geojson|layername=events_new" }, "geometry": { "type": "Point", "coordinates": [ 16.35604106, 48.21103683 ] } },
{ "type": "Feature", "properties": { "fid": null, "id": 1625476, "timestamp_start": "2011-04-30", "timestamp_end": "2030-12-31", "title": "Gemeinschaftsgarten Norweger Viertel", "description": null, "weblink": "http://www.wiengestalten.at/gemeinschaftsgarten-norweger-viertel/", "host": "Lokale Agenda Donaustadt", "category": "initiative", "reccuring": "initiative", "layer": "Gefiltert (keine Duplikate)", "path": "D:/Universität Kassel/Master/4. Semester - TU Wien/VU Web Mapping/group project/events_new.geojson|layername=events_new" }, "geometry": { "type": "Point", "coordinates": [ 16.47547081, 48.21345252 ] } },
{ "type": "Feature", "properties": { "fid": null, "id": 1625477, "timestamp_start": "2011-04-30", "timestamp_end": "2030-12-31", "title": "Gemeinschaftsgarten Norweger Viertel", "description": null, "weblink": "http://www.wiengestalten.at/gemeinschaftsgarten-norweger-viertel/", "host": "Lokale Agenda Donaustadt", "category": "initiative", "reccuring": "initiative", "layer": "Gefiltert (keine Duplikate)", "path": "D:/Universität Kassel/Master/4. Semester - TU Wien/VU Web Mapping/group project/events_new.geojson|layername=events_new" }, "geometry": { "type": "Point", "coordinates": [ 16.47547081, 48.21345252 ] } },
{ "type": "Feature", "properties": { "fid": null, "id": 1625478, "timestamp_start": "2014-06-30", "timestamp_end": "2030-12-31", "title": "Initiative Schwendermarkt", "description": null, "weblink": "http://schwendermarkt.at/", "host": "Axel Hak", "category": "initiative", "reccuring": "initiative", "layer": "Gefiltert (keine Duplikate)", "path": "D:/Universität Kassel/Master/4. Semester - TU Wien/VU Web Mapping/group project/events_new.geojson|layername=events_new" }, "geometry": { "type": "Point", "coordinates": [ 16.3267186, 48.19109086 ] } },
{ "type": "Feature", "properties": { "fid": null, "id": 1625482, "timestamp_start": "2016-12-31", "timestamp_end": "2030-12-31", "title": "Lokale Agenda 21", "description": null, "weblink": "http://www.la21wien.at/", "host": "Andrea Binder-Zehetner", "category": "initiative", "reccuring": "initiative", "layer": "Gefiltert (keine Duplikate)", "path": "D:/Universität Kassel/Master/4. Semester - TU Wien/VU Web Mapping/group project/events_new.geojson|layername=events_new" }, "geometry": { "type": "Point", "coordinates": [ 16.35819367, 48.19486976 ] } },
{ "type": "Feature", "properties": { "fid": null, "id": 1625483, "timestamp_start": "2014-12-31", "timestamp_end": "2030-12-31", "title": "Agenda Wieden", "description": null, "weblink": "http://www.agendawieden.at/home.html", "host": "Milena Schnee", "category": "initiative", "reccuring": "initiative", "layer": "Gefiltert (keine Duplikate)", "path": "D:/Universität Kassel/Master/4. Semester - TU Wien/VU Web Mapping/group project/events_new.geojson|layername=events_new" }, "geometry": { "type": "Point", "coordinates": [ 16.36658394, 48.19209379 ] } },
{ "type": "Feature", "properties": { "fid": null, "id": 1625484, "timestamp_start": "2014-12-31", "timestamp_end": "2030-12-31", "title": "Agenda Josefstadt", "description": null, "weblink": "http://www.agendajosefstadt.at/home.html", "host": "Peter Kühnberger", "category": "initiative", "reccuring": "initiative", "layer": "Gefiltert (keine Duplikate)", "path": "D:/Universität Kassel/Master/4. Semester - TU Wien/VU Web Mapping/group project/events_new.geojson|layername=events_new" }, "geometry": { "type": "Point", "coordinates": [ 16.35094672, 48.20844683 ] } },
{ "type": "Feature", "properties": { "fid": null, "id": 1625485, "timestamp_start": "2014-12-31", "timestamp_end": "2030-12-31", "title": "Agenda Alsergrund", "description": null, "weblink": "http://www.agendaalsergrund.at/home.html", "host": "Liette Clees", "category": "initiative", "reccuring": "initiative", "layer": "Gefiltert (keine Duplikate)", "path": "D:/Universität Kassel/Master/4. Semester - TU Wien/VU Web Mapping/group project/events_new.geojson|layername=events_new" }, "geometry": { "type": "Point", "coordinates": [ 16.35435541, 48.22587481 ] } },
{ "type": "Feature", "properties": { "fid": null, "id": 1625486, "timestamp_start": "2014-12-31", "timestamp_end": "2030-12-31", "title": "Agenda Favoriten", "description": null, "weblink": "http://www.agendafavoriten.at/home.html", "host": "Katja Arzberger", "category": "initiative", "reccuring": "initiative", "layer": "Gefiltert (keine Duplikate)", "path": "D:/Universität Kassel/Master/4. Semester - TU Wien/VU Web Mapping/group project/events_new.geojson|layername=events_new" }, "geometry": { "type": "Point", "coordinates": [ 16.37986587, 48.1723001 ] } },
{ "type": "Feature", "properties": { "fid": null, "id": 1625487, "timestamp_start": "2014-12-31", "timestamp_end": "2030-12-31", "title": "Agenda Währing", "description": null, "weblink": "https://www.agendawaehring.at/home.html", "host": "Anna Sonnleitner", "category": "initiative", "reccuring": "initiative", "layer": "Gefiltert (keine Duplikate)", "path": "D:/Universität Kassel/Master/4. Semester - TU Wien/VU Web Mapping/group project/events_new.geojson|layername=events_new" }, "geometry": { "type": "Point", "coordinates": [ 16.33349688, 48.22564014 ] } },
{ "type": "Feature", "properties": { "fid": null, "id": 1625488, "timestamp_start": "2014-12-31", "timestamp_end": "2030-12-31", "title": "Agenda Donaustadt", "description": null, "weblink": "http://www.agendadonaustadt.at/home.html", "host": "Irmgard Hitthaler", "category": "initiative", "reccuring": "initiative", "layer": "Gefiltert (keine Duplikate)", "path": "D:/Universität Kassel/Master/4. Semester - TU Wien/VU Web Mapping/group project/events_new.geojson|layername=events_new" }, "geometry": { "type": "Point", "coordinates": [ 16.36658394, 48.19209379 ] } },
{ "type": "Feature", "properties": { "fid": null, "id": 1625490, "timestamp_start": "2018-05-02", "timestamp_end": "2030-12-31", "title": "Schutzzone \"Floridsdorfer Spitz\"", "description": null, "weblink": "https://www.wien.gv.at/stadtentwicklung/projekte/index.html", "host": "Lisa Pfalzer", "category": "initiative", "reccuring": "initiative", "layer": "Gefiltert (keine Duplikate)", "path": "D:/Universität Kassel/Master/4. Semester - TU Wien/VU Web Mapping/group project/events_new.geojson|layername=events_new" }, "geometry": { "type": "Point", "coordinates": [ 16.40174704, 48.25869402 ] } },
{ "type": "Feature", "properties": { "fid": null, "id": 1625492, "timestamp_start": "2018-06-05", "timestamp_end": "2030-12-31", "title": "Informationsveranstaltung Mackgasse/Gräfin-Zichy-S", "description": null, "weblink": "https://www.wien.gv.at/verkehr-stadtentwicklung/", "host": "Lisa Pfalzer", "category": "initiative", "reccuring": "initiative", "layer": "Gefiltert (keine Duplikate)", "path": "D:/Universität Kassel/Master/4. Semester - TU Wien/VU Web Mapping/group project/events_new.geojson|layername=events_new" }, "geometry": { "type": "Point", "coordinates": [ 16.24794385, 48.1366649 ] } },
{ "type": "Feature", "properties": { "fid": null, "id": 1625495, "timestamp_start": "2018-09-09", "timestamp_end": "2030-12-31", "title": "Gasometervorfeld 2.0", "description": null, "weblink": "https://www.marx.at/", "host": "Lisa Pfalzer", "category": "initiative", "reccuring": "initiative", "layer": "Gefiltert (keine Duplikate)", "path": "D:/Universität Kassel/Master/4. Semester - TU Wien/VU Web Mapping/group project/events_new.geojson|layername=events_new" }, "geometry": { "type": "Point", "coordinates": [ 16.40421714, 48.18866373 ] } },
{ "type": "Feature", "properties": { "fid": null, "id": 1625496, "timestamp_start": "2018-09-19", "timestamp_end": "2030-12-31", "title": "Rotenturmstraße Neu", "description": null, "weblink": "http://www.aula-wien.at/", "host": "Clarissa Knehs", "category": "initiative", "reccuring": "initiative", "layer": "Gefiltert (keine Duplikate)", "path": "D:/Universität Kassel/Master/4. Semester - TU Wien/VU Web Mapping/group project/events_new.geojson|layername=events_new" }, "geometry": { "type": "Point", "coordinates": [ 16.37767746, 48.20834855 ] } },
{ "type": "Feature", "properties": { "fid": null, "id": 1625497, "timestamp_start": "2018-10-03", "timestamp_end": "2030-12-31", "title": "Nordbahnviertel", "description": null, "weblink": "www.wien.gv.at/stadtentwicklung/projekte/nordbahnhof", "host": "Lisa Pfalzer", "category": "initiative", "reccuring": "initiative", "layer": "Gefiltert (keine Duplikate)", "path": "D:/Universität Kassel/Master/4. Semester - TU Wien/VU Web Mapping/group project/events_new.geojson|layername=events_new" }, "geometry": { "type": "Point", "coordinates": [ 16.39395495, 48.22881056 ] } },
{ "type": "Feature", "properties": { "fid": null, "id": 1625502, "timestamp_start": "2018-12-02", "timestamp_end": "2030-12-31", "title": "Rotenturmstraße Neu", "description": null, "weblink": "http://www.aula-wien.at/", "host": "Lisa- Magdalena Schlager", "category": "initiative", "reccuring": "initiative", "layer": "Gefiltert (keine Duplikate)", "path": "D:/Universität Kassel/Master/4. Semester - TU Wien/VU Web Mapping/group project/events_new.geojson|layername=events_new" }, "geometry": { "type": "Point", "coordinates": [ 16.37767746, 48.20834855 ] } },
{ "type": "Feature", "properties": { "fid": null, "id": 1625508, "timestamp_start": "2014-02-28", "timestamp_end": "2030-02-28", "title": "Initiative Schwendermarkt", "description": null, "weblink": "http://schwendermarkt.at", "host": "Dipl.Ing. A. Haak", "category": "initiative", "reccuring": "initiative", "layer": "Gefiltert (keine Duplikate)", "path": "D:/Universität Kassel/Master/4. Semester - TU Wien/VU Web Mapping/group project/events_new.geojson|layername=events_new" }, "geometry": { "type": "Point", "coordinates": [ 16.3267186, 48.19109086 ] } }
]
}
