{
"type": "FeatureCollection",
"name": "events",
"crs": { "type": "name", "properties": { "name": "urn:ogc:def:crs:OGC:1.3:CRS84" } },
"features": [
{ "type": "Feature", "properties": { "id": 31, "title": "Verkehrszählung Heigerleinstraße", "weblink": "https://www.radlobby.at/wien/ottakring/2025-05/verkehrszaehlung-heigerleinstrasse", "timestamp_start": "2025-05-27T15:00:00Z", "timestamp_end": "2025-05-27T16:00:00Z", "category": "initiative", "host": "Radlobby AT", "reccuring": "one_time", "description": "Die Radlobby Ottakring hat eine Verkehrszählung in der \"fahrradfreundlichen Straße\" Heigerleinstraße durchgeführt. Diese ist Teil der Radverbindung vom 18. in den 14. Bezirk entlang der Vorortelinie und sollte \"besonders hohe Qualität für den Radverkehr bieten.\" Tatsächlich ist sie ein Schleichweg für Autos, die hier von der Ottakringer Straße bis zur Hernalser Hauptstraße beinahe ohne Ampeln fahren können. Durch die hohe Anzahl an Autos auf der Radverbindung kommt es immer wieder zu gefährlichen Situationen! Diese Gefahrenstelle war auch eine Station bei unserer letzten Befahrung mit Vertretern des Bezirks. " }, "geometry": { "type": "Point", "coordinates": [ 16.334113172143411, 48.140529050771796 ] } },
{ "type": "Feature", "properties": { "id": 32, "title": "Sicherer Radweg am Neubaugürtel kommt", "weblink": "https://www.radlobby.at/wien/2025-05/radlobby-erfolg-sicherer-radweg-am-neubauguertel-kommt", "timestamp_start": "2025-05-26T06:00:00Z", "timestamp_end": "2025-05-26T18:00:00Z", "category": "initiative", "host": "Radlobby AT", "reccuring": "one_time", "description": "Der Gürtel – eine der wichtigsten Hauptradrouten Wiens – bekommt an einem wichtigen Abschnitt, zwischen Mariahilfer Straße und Stollgasse, endlich einen sicheren Radweg! Damit wird eine wichtige Forderung der Radlobby erfüllt, für die wir und viele Radfahrende seit Jahren kämpfen." }, "geometry": { "type": "Point", "coordinates": [ 16.334111666324567, 48.140529025484454 ] } },
{ "type": "Feature", "properties": { "id": 33, "title": "Sichere Mobilität & lebenswerter öffentlicher Raum", "weblink": "https://la21.wien/projekt/sichere-mobilitaet-lebenswerter-oeffentlicher-raum/", "timestamp_start": "2025-05-01T07:00:00Z", "timestamp_end": "2025-05-01T10:00:00Z", "category": "initiative", "host": "\nLokale Agenda 21\n", "reccuring": "one_time", "description": "Sichere und bewegungsaktive Mobilität für alle auf der Wieden – wie gelingt das? Und wie teilen wir den öffentlichen Raum gerecht unter den verschiedenen Nutzer:innengruppen auf? Die Projektgruppe „Raum fair teilen“ setzt auf konkrete Maßnahmen, um die Verkehrssicherheit zu verbessern und einen Beitrag zur Verkehrswende sowie zu einem lebenswerten Stadtraum zu leisten." }, "geometry": { "type": "Point", "coordinates": [ 16.334110660015881, 48.140528887700007 ] } },
{ "type": "Feature", "properties": { "id": 34, "title": "Kirchberggasse für alle!", "weblink": "https://kirchberggasse.at/", "timestamp_start": "2025-06-08T07:00:00Z", "timestamp_end": "2025-06-08T10:00:00Z", "category": "participation", "host": "Initiative Kirchberggasse", "reccuring": "one_time", "description": "Wir setzen uns für Mitsprache und Partizipation ein: wir wollen unsere Gasse gemeinsam mit Leben füllen!\n\nExplodierende Mieten und AirBnB vertreiben die langjährigen Bewohner:innen auf dem Spittelberg: wir wollen unsere Nachbar:innen nicht verlieren!" }, "geometry": { "type": "Point", "coordinates": [ 16.33411146939271, 48.140528869557976 ] } },
{ "type": "Feature", "properties": { "id": 35, "title": "Critical Spring Mass – Reclaim the streets!", "weblink": "https://www.criticalmass.at/category/wien/", "timestamp_start": "2025-05-16T15:00:00Z", "timestamp_end": "2025-05-16T18:00:00Z", "category": "protest", "host": "Critical Mass Wien", "reccuring": "one_time", "description": "Am 16. Mai rollt die Critical Mass Vienna wie jeden Monat für klimafreundliche Verkehrspolitik in Wien! Und wir werden immer mehr! Über Tausend Radler*innen haben letzten Mai #MehrPlatzFürsRad gefordert. Wieviele werden wir diesmal?" }, "geometry": { "type": "Point", "coordinates": [ 16.33411088725779, 48.140528758995835 ] } },
{ "type": "Feature", "properties": { "id": 36, "title": "NULLCritical Easter Mass", "weblink": "https://www.criticalmass.at/category/wien/", "timestamp_start": "2025-04-18T15:00:00.605Z", "timestamp_end": "2025-04-18T18:00:00Z", "category": "protest", "host": "Critical Mass Wien", "reccuring": "one_time", "description": "Sattelt eure Osterhasen! Die Critical Mass Wien reitet vorösterlich lautstark auf Straßen, die sonst den Autos gehören, und zelebriert das beste Verkehrsmittel der Stadt. Wir nehmen uns den Platz auf der Straße, der dem Radverkehr zusteht: #MehrPlatzFürsRad " }, "geometry": { "type": "Point", "coordinates": [ 16.334110893984544, 48.140528758618835 ] } },
{ "type": "Feature", "properties": { "id": 37, "title": "Kindical Mass", "weblink": "https://www.kidicalmass.at/", "timestamp_start": "2025-05-10T08:00:00Z", "timestamp_end": "2025-05-10T10:00:00Z", "category": "protest", "host": "Critical Mass Wien", "reccuring": "one_time", "description": "Damit sich Kinder sicher und selbstständig mit dem Fahrrad bewegen können, benötigt es bessere und sicherere Radwege. Denn Radfahren soll keinen Dauerstress für Eltern und Kinder bedeuten. Um dafür ein Zeichen zu setzen, erobern wir mit viel Freude und Musik die Straßen. Sei dabei und bring die Dinge ins Rollen!" }, "geometry": { "type": "Point", "coordinates": [ 16.334111230924101, 48.140528835004766 ] } },
{ "type": "Feature", "properties": { "id": 38, "title": "Kirchberggasse für alle!", "weblink": "https://kirchberggasse.at/", "timestamp_start": "2025-06-01T07:00:00Z", "timestamp_end": "2025-06-01T10:00:00Z", "category": "participation", "host": "Initiative Kirchberggasse", "reccuring": "weekly", "description": "Wir setzen uns für Mitsprache und Partizipation ein: wir wollen unsere Gasse gemeinsam mit Leben füllen!\n\nExplodierende Mieten und AirBnB vertreiben die langjährigen Bewohner:innen auf dem Spittelberg: wir wollen unsere Nachbar:innen nicht verlieren!" }, "geometry": { "type": "Point", "coordinates": [ 16.33411146939271, 48.140528869557976 ] } },
{ "type": "Feature", "properties": { "id": 39, "title": "Kirchberggasse für alle!", "weblink": "https://kirchberggasse.at/", "timestamp_start": "2025-06-15T07:00:00Z", "timestamp_end": "2025-06-15T10:00:00Z", "category": "participation", "host": "Initiative Kirchberggasse", "reccuring": "weekly", "description": "Wir setzen uns für Mitsprache und Partizipation ein: wir wollen unsere Gasse gemeinsam mit Leben füllen!\n\nExplodierende Mieten und AirBnB vertreiben die langjährigen Bewohner:innen auf dem Spittelberg: wir wollen unsere Nachbar:innen nicht verlieren!" }, "geometry": { "type": "Point", "coordinates": [ 16.33411146939271, 48.140528869557976 ] } },
{ "type": "Feature", "properties": { "id": 310, "title": "Kirchberggasse für alle!", "weblink": "https://kirchberggasse.at/", "timestamp_start": "2025-06-22T07:00:00Z", "timestamp_end": "2025-06-22T10:00:00Z", "category": "participation", "host": "Initiative Kirchberggasse", "reccuring": "weekly", "description": "Wir setzen uns für Mitsprache und Partizipation ein: wir wollen unsere Gasse gemeinsam mit Leben füllen!\n\nExplodierende Mieten und AirBnB vertreiben die langjährigen Bewohner:innen auf dem Spittelberg: wir wollen unsere Nachbar:innen nicht verlieren!" }, "geometry": { "type": "Point", "coordinates": [ 16.33411146939271, 48.140528869557976 ] } },
{ "type": "Feature", "properties": { "id": 311, "title": "Kirchberggasse für alle!", "weblink": "https://kirchberggasse.at/", "timestamp_start": "2025-06-29T07:00:00Z", "timestamp_end": "2025-06-29T10:00:00Z", "category": "participation", "host": "Initiative Kirchberggasse", "reccuring": "weekly", "description": "Wir setzen uns für Mitsprache und Partizipation ein: wir wollen unsere Gasse gemeinsam mit Leben füllen!\n\nExplodierende Mieten und AirBnB vertreiben die langjährigen Bewohner:innen auf dem Spittelberg: wir wollen unsere Nachbar:innen nicht verlieren!" }, "geometry": { "type": "Point", "coordinates": [ 16.33411146939271, 48.140528869557976 ] } },
{ "type": "Feature", "properties": { "id": 312, "title": "Kirchberggasse für alle!", "weblink": "https://kirchberggasse.at/", "timestamp_start": "2025-07-06T07:00:00Z", "timestamp_end": "2025-07-06T10:00:00Z", "category": "participation", "host": "Initiative Kirchberggasse", "reccuring": "weekly", "description": "Wir setzen uns für Mitsprache und Partizipation ein: wir wollen unsere Gasse gemeinsam mit Leben füllen!\n\nExplodierende Mieten und AirBnB vertreiben die langjährigen Bewohner:innen auf dem Spittelberg: wir wollen unsere Nachbar:innen nicht verlieren!" }, "geometry": { "type": "Point", "coordinates": [ 16.33411146939271, 48.140528869557976 ] } },
{ "type": "Feature", "properties": { "id": 313, "title": "Kirchberggasse für alle!", "weblink": "https://kirchberggasse.at/", "timestamp_start": "2025-07-13T07:00:00Z", "timestamp_end": "2025-07-13T10:00:00Z", "category": "participation", "host": "Initiative Kirchberggasse", "reccuring": "weekly", "description": "Wir setzen uns für Mitsprache und Partizipation ein: wir wollen unsere Gasse gemeinsam mit Leben füllen!\n\nExplodierende Mieten und AirBnB vertreiben die langjährigen Bewohner:innen auf dem Spittelberg: wir wollen unsere Nachbar:innen nicht verlieren!" }, "geometry": { "type": "Point", "coordinates": [ 16.33411146939271, 48.140528869557976 ] } },
{ "type": "Feature", "properties": { "id": 314, "title": "Kirchberggasse für alle!", "weblink": "https://kirchberggasse.at/", "timestamp_start": "2025-07-20T07:00:00Z", "timestamp_end": "2025-07-20T10:00:00Z", "category": "participation", "host": "Initiative Kirchberggasse", "reccuring": "weekly", "description": "Wir setzen uns für Mitsprache und Partizipation ein: wir wollen unsere Gasse gemeinsam mit Leben füllen!\n\nExplodierende Mieten und AirBnB vertreiben die langjährigen Bewohner:innen auf dem Spittelberg: wir wollen unsere Nachbar:innen nicht verlieren!" }, "geometry": { "type": "Point", "coordinates": [ 16.33411146939271, 48.140528869557976 ] } },
{ "type": "Feature", "properties": { "id": 315, "title": "Kirchberggasse für alle!", "weblink": "https://kirchberggasse.at/", "timestamp_start": "2025-07-27T07:00:00Z", "timestamp_end": "2025-07-27T10:00:00Z", "category": "participation", "host": "Initiative Kirchberggasse", "reccuring": "weekly", "description": "Wir setzen uns für Mitsprache und Partizipation ein: wir wollen unsere Gasse gemeinsam mit Leben füllen!\n\nExplodierende Mieten und AirBnB vertreiben die langjährigen Bewohner:innen auf dem Spittelberg: wir wollen unsere Nachbar:innen nicht verlieren!" }, "geometry": { "type": "Point", "coordinates": [ 16.33411146939271, 48.140528869557976 ] } },
{ "type": "Feature", "properties": { "id": 316, "title": "Kirchberggasse für alle!", "weblink": "https://kirchberggasse.at/", "timestamp_start": "2025-08-03T07:00:00Z", "timestamp_end": "2025-08-03T10:00:00Z", "category": "participation", "host": "Initiative Kirchberggasse", "reccuring": "weekly", "description": "Wir setzen uns für Mitsprache und Partizipation ein: wir wollen unsere Gasse gemeinsam mit Leben füllen!\n\nExplodierende Mieten und AirBnB vertreiben die langjährigen Bewohner:innen auf dem Spittelberg: wir wollen unsere Nachbar:innen nicht verlieren!" }, "geometry": { "type": "Point", "coordinates": [ 16.33411146939271, 48.140528869557976 ] } },
{ "type": "Feature", "properties": { "id": 317, "title": "Kirchberggasse für alle!", "weblink": "https://kirchberggasse.at/", "timestamp_start": "2025-08-10T07:00:00Z", "timestamp_end": "2025-08-10T10:00:00Z", "category": "participation", "host": "Initiative Kirchberggasse", "reccuring": "weekly", "description": "Wir setzen uns für Mitsprache und Partizipation ein: wir wollen unsere Gasse gemeinsam mit Leben füllen!\n\nExplodierende Mieten und AirBnB vertreiben die langjährigen Bewohner:innen auf dem Spittelberg: wir wollen unsere Nachbar:innen nicht verlieren!" }, "geometry": { "type": "Point", "coordinates": [ 16.33411146939271, 48.140528869557976 ] } },
{ "type": "Feature", "properties": { "id": 318, "title": "Kirchberggasse für alle!", "weblink": "https://kirchberggasse.at/", "timestamp_start": "2025-08-17T07:00:00Z", "timestamp_end": "2025-08-17T10:00:00Z", "category": "participation", "host": "Initiative Kirchberggasse", "reccuring": "weekly", "description": "Wir setzen uns für Mitsprache und Partizipation ein: wir wollen unsere Gasse gemeinsam mit Leben füllen!\n\nExplodierende Mieten und AirBnB vertreiben die langjährigen Bewohner:innen auf dem Spittelberg: wir wollen unsere Nachbar:innen nicht verlieren!" }, "geometry": { "type": "Point", "coordinates": [ 16.33411146939271, 48.140528869557976 ] } },
{ "type": "Feature", "properties": { "id": 319, "title": "Kirchberggasse für alle!", "weblink": "https://kirchberggasse.at/", "timestamp_start": "2025-08-24T07:00:00Z", "timestamp_end": "2025-08-24T10:00:00Z", "category": "participation", "host": "Initiative Kirchberggasse", "reccuring": "weekly", "description": "Wir setzen uns für Mitsprache und Partizipation ein: wir wollen unsere Gasse gemeinsam mit Leben füllen!\n\nExplodierende Mieten und AirBnB vertreiben die langjährigen Bewohner:innen auf dem Spittelberg: wir wollen unsere Nachbar:innen nicht verlieren!" }, "geometry": { "type": "Point", "coordinates": [ 16.33411146939271, 48.140528869557976 ] } },
{ "type": "Feature", "properties": { "id": 320, "title": "Kirchberggasse für alle!", "weblink": "https://kirchberggasse.at/", "timestamp_start": "2025-08-31T07:00:00Z", "timestamp_end": "2025-08-24T10:00:00Z", "category": "participation", "host": "Initiative Kirchberggasse", "reccuring": "weekly", "description": "Wir setzen uns für Mitsprache und Partizipation ein: wir wollen unsere Gasse gemeinsam mit Leben füllen!\n\nExplodierende Mieten und AirBnB vertreiben die langjährigen Bewohner:innen auf dem Spittelberg: wir wollen unsere Nachbar:innen nicht verlieren!" }, "geometry": { "type": "Point", "coordinates": [ 16.33411146939271, 48.140528869557976 ] } },
{ "type": "Feature", "properties": { "id": 321, "title": "Visionary Walk - Westbahnpark.LIVE", "weblink": "https://www.westbahnpark.live/kalender", "timestamp_start": "2025-05-24T12:00:00Z", "timestamp_end": "2025-05-24T14:00:00Z", "category": "initiative", "host": "westbahnpark.jetzt", "reccuring": "one_time", "description": "Vision? Nein, Realität! Wir zeigen Euch den Westbahnpark live und voller Leben!\n\nKommt mit uns in den Park, ihr werdet staunen!" }, "geometry": { "type": "Point", "coordinates": [ 16.334111594576878, 48.140529073859533 ] } },
{ "type": "Feature", "properties": { "id": 322, "title": "Westbahnpark-Monwalk", "weblink": "https://www.westbahnpark.live/kalender-kommende-events/westbahnpark-monwalk-5", "timestamp_start": "2025-04-07T16:00:00Z", "timestamp_end": "2025-04-07T18:00:00Z", "category": "initiative", "host": "westbahnpark.jetzt", "reccuring": "one_time", "description": "Ab 2025 verlagern wir unsere Treffen ganz einfach ins Freie und gehen jeden 1. Montag im Monat gemeinsam in den Westbahnpark zum Westbahnpark-Monwalk!" }, "geometry": { "type": "Point", "coordinates": [ 16.334111593623959, 48.140529072969017 ] } },
{ "type": "Feature", "properties": { "id": 323, "title": "Future Bike Ride", "weblink": "https://www.westbahnpark.live/kalender-kommende-events/future-bike-ride", "timestamp_start": "2025-04-04T17:00:00Z", "timestamp_end": "2025-04-04T19:00:00Z", "category": "initiative", "host": "westbahnpark.jetzt", "reccuring": "one_time", "description": "Raddemo für eine gemeinsame gute Zukunft!\n‍Ende April wird in Wien gewählt. Die Demokratie lebt von der Beteiligung aller. Darum wollen wir den Menschen gemeinsam mit anderen Initiativen und Organisationen mit positiven Zukunftsvisionen viele Gründe geben, um wählen zu gehen, und der Politik zeigen, welche Themen den Menschen wichtig sind." }, "geometry": { "type": "Point", "coordinates": [ 16.334111996473254, 48.140528770459198 ] } },
{ "type": "Feature", "properties": { "id": 324, "title": "Kinderbücher Tausch im Paklet", "weblink": "https://matznerviertel.at/kinderbuecher-tausch-im-paklet-do-5-juni/", "timestamp_start": "2025-06-05T14:00:00Z", "timestamp_end": "2025-06-05T16:00:00Z", "category": "initiative", "host": "Lebenswertes Matznerviertel", "reccuring": "one_time", "description": "Hast du Kinderbücher, die vielleicht nicht mehr liest oder manche vielleicht doppelt? Suchst du etwas neues zum Lesen? Dann komm und schau vorbei." }, "geometry": { "type": "Point", "coordinates": [ 16.334112175525259, 48.140529305847217 ] } },
{ "type": "Feature", "properties": { "id": 325, "title": "Sommerfest „Mit heißen Rhythmen in die Ferien“", "weblink": "https://matznerviertel.at/sommerfest-mit-heissen-rhythmen-in-die-ferien/", "timestamp_start": "2025-06-26T13:00:00Z", "timestamp_end": "2025-06-26T17:00:00Z", "category": "initiative", "host": "Lebenswertes Matznerviertel", "reccuring": "one_time", "description": "Nach einem langen Schuljahr haben sich Kinder und Erwachsene Erholung verdient. Die ersehnten Ferien beginnen mit einem Sommerfest am 26. Juni am Matzner-Markt.\n\nAb 15.00 Uhr startet auf der Wohnstraße Goldschlagstraße das Festprogramm. Kinder können sich beim Dosenschießen messen, die Wohnstraße mit Straßenkreiden bunt bemalen oder sich schminken lassen.\n\nAb 16.00 Uhr bieten dazu noch kiddy&Co Spiel und Spaß. Ebenso ab 16.00 Uhr kann man Kräuterbutter rühren und auch gleich verkosten. Die Kräuter dafür werden frisch im Matznergarten gepflückt. Eine Live-Salsaband Sabor Tumbao aus Lateinamerika sorgt mit ihren heißen Rhythmen für das passende Sommerfeeling. Und damit auch wirklich jeder und jede mittanzen kann, gibt es von 16.30-17.30 Uhr eine öffentliche Tanzstunde mit Ery Pedroso. Die gastronomische Versorgung kommt von den Standlern am Matzner-Markt und Kantine 14 im Gastgarten!" }, "geometry": { "type": "Point", "coordinates": [ 16.334112127862966, 48.14052930241261 ] } },
{ "type": "Feature", "properties": { "id": 326, "title": "Philosophisches Café im Matznerviertel: Demokratie gemeinsam denken", "weblink": "https://matznerviertel.at/die-kant_ine-denkt-nach-das-philosophische-cafe/", "timestamp_start": "2025-05-12T17:00:00Z", "timestamp_end": "2025-05-12T19:00:00Z", "category": "initiative", "host": "Lebenswertes Matznerviertel", "reccuring": "one_time", "description": "Philosophieren nach Marc Sautet: Ein demokratisches Gespräch\nAls Sautet 1992 das erste Philosophische Café im Pariser Café des Phares ins Leben rief, hatte er ein klares Ziel: Er wollte die Philosophie aus der Universität herausholen und dorthin bringen, wo Menschen zusammenkommen – in Cafés, auf Marktplätze, mitten in den Alltag. Sein Konzept war radikal demokratisch:\n\nJede:r kann mitreden. Philosophie ist kein Elitenprojekt, sondern ein gemeinsames Denken, das alle betrifft.\nDie Themen werden von den Teilnehmer:innen bestimmt. Keine vorgegebenen Vorträge, keine fertigen Antworten – stattdessen eine offene Diskussion über die Fragen, die die Menschen tatsächlich bewegen.\nDie Moderation sorgt für Tiefe. Eine zentrale Rolle spielte für Sautet die Kunst des Fragens: Nicht um zu belehren, sondern um das Denken anzuregen, zu hinterfragen und neue Zusammenhänge zu entdecken." }, "geometry": { "type": "Point", "coordinates": [ 16.334112196229007, 48.140529302661605 ] } },
{ "type": "Feature", "properties": { "id": 327, "title": "Grätzl-Treff am Matzner-Markt", "weblink": "https://matznerviertel.at/graetzl-treff-am-matzner-markt/", "timestamp_start": "2025-06-05T15:00:00Z", "timestamp_end": "2025-06-05T17:00:00Z", "category": "initiative", "host": "Lebenswertes Matznerviertel", "reccuring": "weekly", "description": "Unsere Grätzl-Treffs finden, solange es den Matzner-Markt gibt, jeden Donnerstag im Monat von 17 bis 19 Uhr am Infostand des Lebenswerten Matznerviertels in der Wohnstraße Goldschlagstraße statt.\n\nAnliegen und Fragen zur Nachbarschaft im Matznerviertel können wir dann gerne von Angesicht zu Angesicht besprechen. Wir freuen uns auf Ihren Besuch!" }, "geometry": { "type": "Point", "coordinates": [ 16.334112179388686, 48.140529312459925 ] } },
{ "type": "Feature", "properties": { "id": 328, "title": "Grätzl-Treff am Matzner-Markt", "weblink": "https://matznerviertel.at/graetzl-treff-am-matzner-markt/", "timestamp_start": "2025-06-12T15:00:00Z", "timestamp_end": "2025-06-12T17:00:00Z", "category": "initiative", "host": "Lebenswertes Matznerviertel", "reccuring": "weekly", "description": "Unsere Grätzl-Treffs finden, solange es den Matzner-Markt gibt, jeden Donnerstag im Monat von 17 bis 19 Uhr am Infostand des Lebenswerten Matznerviertels in der Wohnstraße Goldschlagstraße statt.\n\nAnliegen und Fragen zur Nachbarschaft im Matznerviertel können wir dann gerne von Angesicht zu Angesicht besprechen. Wir freuen uns auf Ihren Besuch!" }, "geometry": { "type": "Point", "coordinates": [ 16.334112179388686, 48.140529312459925 ] } },
{ "type": "Feature", "properties": { "id": 329, "title": "Grätzl-Treff am Matzner-Markt", "weblink": "https://matznerviertel.at/graetzl-treff-am-matzner-markt/", "timestamp_start": "2025-06-19T15:00:00Z", "timestamp_end": "2025-06-19T17:00:00Z", "category": "initiative", "host": "Lebenswertes Matznerviertel", "reccuring": "weekly", "description": "Unsere Grätzl-Treffs finden, solange es den Matzner-Markt gibt, jeden Donnerstag im Monat von 17 bis 19 Uhr am Infostand des Lebenswerten Matznerviertels in der Wohnstraße Goldschlagstraße statt.\n\nAnliegen und Fragen zur Nachbarschaft im Matznerviertel können wir dann gerne von Angesicht zu Angesicht besprechen. Wir freuen uns auf Ihren Besuch!" }, "geometry": { "type": "Point", "coordinates": [ 16.334112179388686, 48.140529312459925 ] } },
{ "type": "Feature", "properties": { "id": 330, "title": "Grätzl-Treff am Matzner-Markt", "weblink": "https://matznerviertel.at/graetzl-treff-am-matzner-markt/", "timestamp_start": "2025-06-26T15:00:00Z", "timestamp_end": "2025-06-26T17:00:00Z", "category": "initiative", "host": "Lebenswertes Matznerviertel", "reccuring": "weekly", "description": "Unsere Grätzl-Treffs finden, solange es den Matzner-Markt gibt, jeden Donnerstag im Monat von 17 bis 19 Uhr am Infostand des Lebenswerten Matznerviertels in der Wohnstraße Goldschlagstraße statt.\n\nAnliegen und Fragen zur Nachbarschaft im Matznerviertel können wir dann gerne von Angesicht zu Angesicht besprechen. Wir freuen uns auf Ihren Besuch!" }, "geometry": { "type": "Point", "coordinates": [ 16.334112179388686, 48.140529312459925 ] } },
{ "type": "Feature", "properties": { "id": 331, "title": "Grätzl-Treff am Matzner-Markt", "weblink": "https://matznerviertel.at/graetzl-treff-am-matzner-markt/", "timestamp_start": "2025-07-03T15:00:00Z", "timestamp_end": "2025-07-03T17:00:00Z", "category": "initiative", "host": "Lebenswertes Matznerviertel", "reccuring": "weekly", "description": "Unsere Grätzl-Treffs finden, solange es den Matzner-Markt gibt, jeden Donnerstag im Monat von 17 bis 19 Uhr am Infostand des Lebenswerten Matznerviertels in der Wohnstraße Goldschlagstraße statt.\n\nAnliegen und Fragen zur Nachbarschaft im Matznerviertel können wir dann gerne von Angesicht zu Angesicht besprechen. Wir freuen uns auf Ihren Besuch!" }, "geometry": { "type": "Point", "coordinates": [ 16.334112179388686, 48.140529312459925 ] } },
{ "type": "Feature", "properties": { "id": 332, "title": "Grätzl-Treff am Matzner-Markt", "weblink": "https://matznerviertel.at/graetzl-treff-am-matzner-markt/", "timestamp_start": "2025-07-10T15:00:00Z", "timestamp_end": "2025-07-10T17:00:00Z", "category": "initiative", "host": "Lebenswertes Matznerviertel", "reccuring": "weekly", "description": "Unsere Grätzl-Treffs finden, solange es den Matzner-Markt gibt, jeden Donnerstag im Monat von 17 bis 19 Uhr am Infostand des Lebenswerten Matznerviertels in der Wohnstraße Goldschlagstraße statt.\n\nAnliegen und Fragen zur Nachbarschaft im Matznerviertel können wir dann gerne von Angesicht zu Angesicht besprechen. Wir freuen uns auf Ihren Besuch!" }, "geometry": { "type": "Point", "coordinates": [ 16.334112179388686, 48.140529312459925 ] } },
{ "type": "Feature", "properties": { "id": 333, "title": "Grätzl-Treff am Matzner-Markt", "weblink": "https://matznerviertel.at/graetzl-treff-am-matzner-markt/", "timestamp_start": "2025-07-17T15:00:00Z", "timestamp_end": "2025-07-17T17:00:00Z", "category": "initiative", "host": "Lebenswertes Matznerviertel", "reccuring": "weekly", "description": "Unsere Grätzl-Treffs finden, solange es den Matzner-Markt gibt, jeden Donnerstag im Monat von 17 bis 19 Uhr am Infostand des Lebenswerten Matznerviertels in der Wohnstraße Goldschlagstraße statt.\n\nAnliegen und Fragen zur Nachbarschaft im Matznerviertel können wir dann gerne von Angesicht zu Angesicht besprechen. Wir freuen uns auf Ihren Besuch!" }, "geometry": { "type": "Point", "coordinates": [ 16.334112179388686, 48.140529312459925 ] } },
{ "type": "Feature", "properties": { "id": 334, "title": "Grätzl-Treff am Matzner-Markt", "weblink": "https://matznerviertel.at/graetzl-treff-am-matzner-markt/", "timestamp_start": "2025-07-24T15:00:00Z", "timestamp_end": "2025-07-24T17:00:00Z", "category": "initiative", "host": "Lebenswertes Matznerviertel", "reccuring": "weekly", "description": "Unsere Grätzl-Treffs finden, solange es den Matzner-Markt gibt, jeden Donnerstag im Monat von 17 bis 19 Uhr am Infostand des Lebenswerten Matznerviertels in der Wohnstraße Goldschlagstraße statt.\n\nAnliegen und Fragen zur Nachbarschaft im Matznerviertel können wir dann gerne von Angesicht zu Angesicht besprechen. Wir freuen uns auf Ihren Besuch!" }, "geometry": { "type": "Point", "coordinates": [ 16.334112179388686, 48.140529312459925 ] } },
{ "type": "Feature", "properties": { "id": 335, "title": "Grätzl-Treff am Matzner-Markt", "weblink": "https://matznerviertel.at/graetzl-treff-am-matzner-markt/", "timestamp_start": "2025-07-31T15:00:00Z", "timestamp_end": "2025-07-31T17:00:00Z", "category": "initiative", "host": "Lebenswertes Matznerviertel", "reccuring": "weekly", "description": "Unsere Grätzl-Treffs finden, solange es den Matzner-Markt gibt, jeden Donnerstag im Monat von 17 bis 19 Uhr am Infostand des Lebenswerten Matznerviertels in der Wohnstraße Goldschlagstraße statt.\n\nAnliegen und Fragen zur Nachbarschaft im Matznerviertel können wir dann gerne von Angesicht zu Angesicht besprechen. Wir freuen uns auf Ihren Besuch!" }, "geometry": { "type": "Point", "coordinates": [ 16.334112179388686, 48.140529312459925 ] } },
{ "type": "Feature", "properties": { "id": 336, "title": "Grätzl-Treff am Matzner-Markt", "weblink": "https://matznerviertel.at/graetzl-treff-am-matzner-markt/", "timestamp_start": "2025-05-29T15:00:00Z", "timestamp_end": "2025-05-29T17:00:00Z", "category": "initiative", "host": "Lebenswertes Matznerviertel", "reccuring": "weekly", "description": "Unsere Grätzl-Treffs finden, solange es den Matzner-Markt gibt, jeden Donnerstag im Monat von 17 bis 19 Uhr am Infostand des Lebenswerten Matznerviertels in der Wohnstraße Goldschlagstraße statt.\n\nAnliegen und Fragen zur Nachbarschaft im Matznerviertel können wir dann gerne von Angesicht zu Angesicht besprechen. Wir freuen uns auf Ihren Besuch!" }, "geometry": { "type": "Point", "coordinates": [ 16.334112179388686, 48.140529312459925 ] } },
{ "type": "Feature", "properties": { "id": 337, "title": "Grätzl-Treff am Matzner-Markt", "weblink": "https://matznerviertel.at/graetzl-treff-am-matzner-markt/", "timestamp_start": "2025-05-22T15:00:00Z", "timestamp_end": "2025-05-22T17:00:00Z", "category": "initiative", "host": "Lebenswertes Matznerviertel", "reccuring": "weekly", "description": "Unsere Grätzl-Treffs finden, solange es den Matzner-Markt gibt, jeden Donnerstag im Monat von 17 bis 19 Uhr am Infostand des Lebenswerten Matznerviertels in der Wohnstraße Goldschlagstraße statt.\n\nAnliegen und Fragen zur Nachbarschaft im Matznerviertel können wir dann gerne von Angesicht zu Angesicht besprechen. Wir freuen uns auf Ihren Besuch!" }, "geometry": { "type": "Point", "coordinates": [ 16.334112179388686, 48.140529312459925 ] } },
{ "type": "Feature", "properties": { "id": 338, "title": "Grätzl-Treff am Matzner-Markt", "weblink": "https://matznerviertel.at/graetzl-treff-am-matzner-markt/", "timestamp_start": "2025-05-15T15:00:00Z", "timestamp_end": "2025-05-15T17:00:00Z", "category": "initiative", "host": "Lebenswertes Matznerviertel", "reccuring": "weekly", "description": "Unsere Grätzl-Treffs finden, solange es den Matzner-Markt gibt, jeden Donnerstag im Monat von 17 bis 19 Uhr am Infostand des Lebenswerten Matznerviertels in der Wohnstraße Goldschlagstraße statt.\n\nAnliegen und Fragen zur Nachbarschaft im Matznerviertel können wir dann gerne von Angesicht zu Angesicht besprechen. Wir freuen uns auf Ihren Besuch!" }, "geometry": { "type": "Point", "coordinates": [ 16.334112179388686, 48.140529312459925 ] } },
{ "type": "Feature", "properties": { "id": 339, "title": "Grätzl-Treff am Matzner-Markt", "weblink": "https://matznerviertel.at/graetzl-treff-am-matzner-markt/", "timestamp_start": "2025-05-08T15:00:00Z", "timestamp_end": "2025-05-08T17:00:00Z", "category": "initiative", "host": "Lebenswertes Matznerviertel", "reccuring": "weekly", "description": "Unsere Grätzl-Treffs finden, solange es den Matzner-Markt gibt, jeden Donnerstag im Monat von 17 bis 19 Uhr am Infostand des Lebenswerten Matznerviertels in der Wohnstraße Goldschlagstraße statt.\n\nAnliegen und Fragen zur Nachbarschaft im Matznerviertel können wir dann gerne von Angesicht zu Angesicht besprechen. Wir freuen uns auf Ihren Besuch!" }, "geometry": { "type": "Point", "coordinates": [ 16.334112179388686, 48.140529312459925 ] } },
{ "type": "Feature", "properties": { "id": 340, "title": "Grätzl-Treff am Matzner-Markt", "weblink": "https://matznerviertel.at/graetzl-treff-am-matzner-markt/", "timestamp_start": "2025-05-01T15:00:00Z", "timestamp_end": "2025-05-01T17:00:00Z", "category": "initiative", "host": "Lebenswertes Matznerviertel", "reccuring": "weekly", "description": "Unsere Grätzl-Treffs finden, solange es den Matzner-Markt gibt, jeden Donnerstag im Monat von 17 bis 19 Uhr am Infostand des Lebenswerten Matznerviertels in der Wohnstraße Goldschlagstraße statt.\n\nAnliegen und Fragen zur Nachbarschaft im Matznerviertel können wir dann gerne von Angesicht zu Angesicht besprechen. Wir freuen uns auf Ihren Besuch!" }, "geometry": { "type": "Point", "coordinates": [ 16.334112179388686, 48.140529312459925 ] } },
{ "type": "Feature", "properties": { "id": 341, "title": "Projektgruppe: Radfahren in der Josefstadt", "weblink": "https://la21.wien/graetzllabor/josefstadt/#mitmachen", "timestamp_start": "2025-04-07T16:00:00Z", "timestamp_end": "2025-04-07T20:00:00Z", "category": "initiative", "host": "\nLokale Agenda 21\n", "reccuring": "one_time", "description": "Das Ziel der Projektgruppe ist die Förderung des Radverkehrs in der Josefstadt, insbesondere die Ausarbeitung eines umfassenden Radverkehrskonzepts soll die Situation fürs Radfahren verbessern.\n\nDas Konzept soll mit den Entscheidungsträger:innen erarbeitet und bei künftigen Verkehrsmaßnahmen berücksichtigt werden.\n\nAuch konkrete Einzelmaßnahmen sollen zur Umsetzung gebracht werden; wichtig ist vor allem eine Radverkehrsinfrastruktur die für alle Alters- und NutzerInnengruppen intuitiv nutzbar und attraktiv ist. Eine Erhöhung des Radverkehrsanteils muss ohne Benachteiligung der Fußgeher:innen passieren.\n\nDas Leitbild unserer Projektgruppe steht hier rechts als Download zur Verfügung." }, "geometry": { "type": "Point", "coordinates": [ 16.334112063431977, 48.140528900507306 ] } },
{ "type": "Feature", "properties": { "id": 342, "title": "Projektgruppe: Radfahren in der Josefstadt", "weblink": "https://la21.wien/graetzllabor/josefstadt/#mitmachen", "timestamp_start": "2025-04-08T16:00:00Z", "timestamp_end": "2025-04-08T20:00:00Z", "category": "initiative", "host": "\nLokale Agenda 21\n", "reccuring": "one_time", "description": "Das Ziel der Projektgruppe ist die Förderung des Radverkehrs in der Josefstadt, insbesondere die Ausarbeitung eines umfassenden Radverkehrskonzepts soll die Situation fürs Radfahren verbessern.\n\nDas Konzept soll mit den Entscheidungsträger:innen erarbeitet und bei künftigen Verkehrsmaßnahmen berücksichtigt werden.\n\nAuch konkrete Einzelmaßnahmen sollen zur Umsetzung gebracht werden; wichtig ist vor allem eine Radverkehrsinfrastruktur die für alle Alters- und NutzerInnengruppen intuitiv nutzbar und attraktiv ist. Eine Erhöhung des Radverkehrsanteils muss ohne Benachteiligung der Fußgeher:innen passieren.\n\nDas Leitbild unserer Projektgruppe steht hier rechts als Download zur Verfügung." }, "geometry": { "type": "Point", "coordinates": [ 16.334112063431977, 48.140528900507306 ] } },
{ "type": "Feature", "properties": { "id": 343, "title": "Projektgruppe: Radfahren in der Josefstadt", "weblink": "https://la21.wien/graetzllabor/josefstadt/#mitmachen", "timestamp_start": "2025-04-09T16:00:00Z", "timestamp_end": "2025-04-09T20:00:00Z", "category": "initiative", "host": "\nLokale Agenda 21\n", "reccuring": "one_time", "description": "Das Ziel der Projektgruppe ist die Förderung des Radverkehrs in der Josefstadt, insbesondere die Ausarbeitung eines umfassenden Radverkehrskonzepts soll die Situation fürs Radfahren verbessern.\n\nDas Konzept soll mit den Entscheidungsträger:innen erarbeitet und bei künftigen Verkehrsmaßnahmen berücksichtigt werden.\n\nAuch konkrete Einzelmaßnahmen sollen zur Umsetzung gebracht werden; wichtig ist vor allem eine Radverkehrsinfrastruktur die für alle Alters- und NutzerInnengruppen intuitiv nutzbar und attraktiv ist. Eine Erhöhung des Radverkehrsanteils muss ohne Benachteiligung der Fußgeher:innen passieren.\n\nDas Leitbild unserer Projektgruppe steht hier rechts als Download zur Verfügung." }, "geometry": { "type": "Point", "coordinates": [ 16.334112063431977, 48.140528900507306 ] } },
{ "type": "Feature", "properties": { "id": 344, "title": "Projektgruppe: Radfahren in der Josefstadt", "weblink": "https://la21.wien/graetzllabor/josefstadt/#mitmachen", "timestamp_start": "2025-04-10T16:00:00Z", "timestamp_end": "2025-04-10T20:00:00Z", "category": "initiative", "host": "\nLokale Agenda 21\n", "reccuring": "one_time", "description": "Das Ziel der Projektgruppe ist die Förderung des Radverkehrs in der Josefstadt, insbesondere die Ausarbeitung eines umfassenden Radverkehrskonzepts soll die Situation fürs Radfahren verbessern.\n\nDas Konzept soll mit den Entscheidungsträger:innen erarbeitet und bei künftigen Verkehrsmaßnahmen berücksichtigt werden.\n\nAuch konkrete Einzelmaßnahmen sollen zur Umsetzung gebracht werden; wichtig ist vor allem eine Radverkehrsinfrastruktur die für alle Alters- und NutzerInnengruppen intuitiv nutzbar und attraktiv ist. Eine Erhöhung des Radverkehrsanteils muss ohne Benachteiligung der Fußgeher:innen passieren.\n\nDas Leitbild unserer Projektgruppe steht hier rechts als Download zur Verfügung." }, "geometry": { "type": "Point", "coordinates": [ 16.334112063431977, 48.140528900507306 ] } },
{ "type": "Feature", "properties": { "id": 345, "title": "Projektgruppe: Radfahren in der Josefstadt", "weblink": "https://la21.wien/graetzllabor/josefstadt/#mitmachen", "timestamp_start": "2025-04-11T16:00:00Z", "timestamp_end": "2025-04-11T20:00:00Z", "category": "initiative", "host": "\nLokale Agenda 21\n", "reccuring": "one_time", "description": "Das Ziel der Projektgruppe ist die Förderung des Radverkehrs in der Josefstadt, insbesondere die Ausarbeitung eines umfassenden Radverkehrskonzepts soll die Situation fürs Radfahren verbessern.\n\nDas Konzept soll mit den Entscheidungsträger:innen erarbeitet und bei künftigen Verkehrsmaßnahmen berücksichtigt werden.\n\nAuch konkrete Einzelmaßnahmen sollen zur Umsetzung gebracht werden; wichtig ist vor allem eine Radverkehrsinfrastruktur die für alle Alters- und NutzerInnengruppen intuitiv nutzbar und attraktiv ist. Eine Erhöhung des Radverkehrsanteils muss ohne Benachteiligung der Fußgeher:innen passieren.\n\nDas Leitbild unserer Projektgruppe steht hier rechts als Download zur Verfügung." }, "geometry": { "type": "Point", "coordinates": [ 16.334112063431977, 48.140528900507306 ] } },
{ "type": "Feature", "properties": { "id": 346, "title": "Ottakring für alle – Sicher bewegt!", "weblink": "https://wirmachen.wien/ottakring-fuer-alle-sicher-bewegt/", "timestamp_start": "2025-07-20T08:00:00Z", "timestamp_end": "2025-07-20T10:00:00Z", "category": "initiative", "host": "Ottakring für alle", "reccuring": "weekly", "description": "NULLInitiative für eine Verkehrsberuhigung und sichere Querungsmöglichkeiten der Wernhardtstraße." }, "geometry": { "type": "Point", "coordinates": [ 16.334112644139022, 48.140529186618771 ] } },
{ "type": "Feature", "properties": { "id": 347, "title": "Ottakring für alle – Sicher bewegt!", "weblink": "https://wirmachen.wien/ottakring-fuer-alle-sicher-bewegt/", "timestamp_start": "2025-06-15T08:00:00Z", "timestamp_end": "2025-06-15T10:00:00Z", "category": "initiative", "host": "Ottakring für alle", "reccuring": "weekly", "description": "NULLInitiative für eine Verkehrsberuhigung und sichere Querungsmöglichkeiten der Wernhardtstraße." }, "geometry": { "type": "Point", "coordinates": [ 16.334112644139022, 48.140529186618771 ] } },
{ "type": "Feature", "properties": { "id": 348, "title": "Ottakring für alle – Sicher bewegt!", "weblink": "https://wirmachen.wien/ottakring-fuer-alle-sicher-bewegt/", "timestamp_start": "2025-06-08T08:00:00Z", "timestamp_end": "2025-06-08T10:00:00Z", "category": "initiative", "host": "Ottakring für alle", "reccuring": "weekly", "description": "NULLInitiative für eine Verkehrsberuhigung und sichere Querungsmöglichkeiten der Wernhardtstraße." }, "geometry": { "type": "Point", "coordinates": [ 16.334112644139022, 48.140529186618771 ] } },
{ "type": "Feature", "properties": { "id": 349, "title": "Ottakring für alle – Sicher bewegt!", "weblink": "https://wirmachen.wien/ottakring-fuer-alle-sicher-bewegt/", "timestamp_start": "2025-06-22T08:00:00Z", "timestamp_end": "2025-06-22T10:00:00Z", "category": "initiative", "host": "Ottakring für alle", "reccuring": "weekly", "description": "NULLInitiative für eine Verkehrsberuhigung und sichere Querungsmöglichkeiten der Wernhardtstraße." }, "geometry": { "type": "Point", "coordinates": [ 16.334112644139022, 48.140529186618771 ] } },
{ "type": "Feature", "properties": { "id": 350, "title": "Ottakring für alle – Sicher bewegt!", "weblink": "https://wirmachen.wien/ottakring-fuer-alle-sicher-bewegt/", "timestamp_start": "2025-06-29T08:00:00Z", "timestamp_end": "2025-06-29T10:00:00Z", "category": "initiative", "host": "Ottakring für alle", "reccuring": "weekly", "description": "NULLInitiative für eine Verkehrsberuhigung und sichere Querungsmöglichkeiten der Wernhardtstraße." }, "geometry": { "type": "Point", "coordinates": [ 16.334112644139022, 48.140529186618771 ] } },
{ "type": "Feature", "properties": { "id": 351, "title": "Ottakring für alle – Sicher bewegt!", "weblink": "https://wirmachen.wien/ottakring-fuer-alle-sicher-bewegt/", "timestamp_start": "2025-07-06T08:00:00Z", "timestamp_end": "2025-07-06T10:00:00Z", "category": "initiative", "host": "Ottakring für alle", "reccuring": "weekly", "description": "NULLInitiative für eine Verkehrsberuhigung und sichere Querungsmöglichkeiten der Wernhardtstraße." }, "geometry": { "type": "Point", "coordinates": [ 16.334112644139022, 48.140529186618771 ] } },
{ "type": "Feature", "properties": { "id": 352, "title": "Ottakring für alle – Sicher bewegt!", "weblink": "https://wirmachen.wien/ottakring-fuer-alle-sicher-bewegt/", "timestamp_start": "2025-07-13T08:00:00Z", "timestamp_end": "2025-07-13T10:00:00Z", "category": "initiative", "host": "Ottakring für alle", "reccuring": "weekly", "description": "NULLInitiative für eine Verkehrsberuhigung und sichere Querungsmöglichkeiten der Wernhardtstraße." }, "geometry": { "type": "Point", "coordinates": [ 16.334112644139022, 48.140529186618771 ] } },
{ "type": "Feature", "properties": { "id": 353, "title": "Ottakring für alle – Sicher bewegt!", "weblink": "https://wirmachen.wien/ottakring-fuer-alle-sicher-bewegt/", "timestamp_start": "2025-07-27T08:00:00Z", "timestamp_end": "2025-07-27T10:00:00Z", "category": "initiative", "host": "Ottakring für alle", "reccuring": "weekly", "description": "NULLInitiative für eine Verkehrsberuhigung und sichere Querungsmöglichkeiten der Wernhardtstraße." }, "geometry": { "type": "Point", "coordinates": [ 16.334112644139022, 48.140529186618771 ] } },
{ "type": "Feature", "properties": { "id": 354, "title": "Ottakring für alle – Sicher bewegt!", "weblink": "https://wirmachen.wien/ottakring-fuer-alle-sicher-bewegt/", "timestamp_start": "2025-06-01T08:00:00Z", "timestamp_end": "2025-06-01T10:00:00Z", "category": "initiative", "host": "Ottakring für alle", "reccuring": "weekly", "description": "NULLInitiative für eine Verkehrsberuhigung und sichere Querungsmöglichkeiten der Wernhardtstraße." }, "geometry": { "type": "Point", "coordinates": [ 16.334112644139022, 48.140529186618771 ] } },
{ "type": "Feature", "properties": { "id": 355, "title": "Ottakring für alle – Sicher bewegt!", "weblink": "https://wirmachen.wien/ottakring-fuer-alle-sicher-bewegt/", "timestamp_start": "2025-05-25T08:00:00Z", "timestamp_end": "2025-05-25T10:00:00Z", "category": "initiative", "host": "Ottakring für alle", "reccuring": "weekly", "description": "NULLInitiative für eine Verkehrsberuhigung und sichere Querungsmöglichkeiten der Wernhardtstraße." }, "geometry": { "type": "Point", "coordinates": [ 16.334112644139022, 48.140529186618771 ] } },
{ "type": "Feature", "properties": { "id": 356, "title": "Ottakring für alle – Sicher bewegt!", "weblink": "https://wirmachen.wien/ottakring-fuer-alle-sicher-bewegt/", "timestamp_start": "2025-05-18T08:00:00Z", "timestamp_end": "2025-05-18T10:00:00Z", "category": "initiative", "host": "Ottakring für alle", "reccuring": "weekly", "description": "NULLInitiative für eine Verkehrsberuhigung und sichere Querungsmöglichkeiten der Wernhardtstraße." }, "geometry": { "type": "Point", "coordinates": [ 16.334112644139022, 48.140529186618771 ] } },
{ "type": "Feature", "properties": { "id": 357, "title": "Ottakring für alle – Sicher bewegt!", "weblink": "https://wirmachen.wien/ottakring-fuer-alle-sicher-bewegt/", "timestamp_start": "2025-05-11T08:00:00Z", "timestamp_end": "2025-05-11T10:00:00Z", "category": "initiative", "host": "Ottakring für alle", "reccuring": "weekly", "description": "NULLInitiative für eine Verkehrsberuhigung und sichere Querungsmöglichkeiten der Wernhardtstraße." }, "geometry": { "type": "Point", "coordinates": [ 16.334112644139022, 48.140529186618771 ] } },
{ "type": "Feature", "properties": { "id": 358, "title": "Ottakring für alle – Sicher bewegt!", "weblink": "https://wirmachen.wien/ottakring-fuer-alle-sicher-bewegt/", "timestamp_start": "2025-05-04T08:00:00Z", "timestamp_end": "2025-05-04T10:00:00Z", "category": "initiative", "host": "Ottakring für alle", "reccuring": "weekly", "description": "NULLInitiative für eine Verkehrsberuhigung und sichere Querungsmöglichkeiten der Wernhardtstraße." }, "geometry": { "type": "Point", "coordinates": [ 16.334112644139022, 48.140529186618771 ] } },
{ "type": "Feature", "properties": { "id": 359, "title": "Döbling ", "weblink": "https://radeln.wien/sternfahrt-zur-radparade-2025/", "timestamp_start": "2025-04-06T08:30:00Z", "timestamp_end": "2025-04-06T11:00:00Z", "category": "protest", "host": "Radeln in Döbling", "reccuring": "one_time", "description": "Die Latte liegt nach der Sternfahrt 2024 zur Radparade sehr hoch. Auch heuer werden wir uns aus mehreren Bezirksteilen Döblings zur Radparade am Ring aufmachen." }, "geometry": { "type": "Point", "coordinates": [ 16.334113755849863, 48.140528516967215 ] } },
{ "type": "Feature", "properties": { "id": 360, "title": "Bici-Bus", "weblink": "https://radeln.wien/bici_bus/", "timestamp_start": "2025-03-28T06:20:00Z", "timestamp_end": "2025-03-28T11:00:00Z", "category": "initiative", "host": "Radeln in Döbling", "reccuring": "monthly", "description": "Der Bici-Bus Döbling fährt seit April täglich aus Sievering und Nussdorf!" }, "geometry": { "type": "Point", "coordinates": [ 16.334113683506434, 48.140528525009437 ] } },
{ "type": "Feature", "properties": { "id": 361, "title": "Bici-Bus", "weblink": "https://radeln.wien/bici_bus/", "timestamp_start": "2025-04-25T05:20:00Z", "timestamp_end": "2025-04-25T10:00:00Z", "category": "initiative", "host": "Radeln in Döbling", "reccuring": "monthly", "description": "Der Bici-Bus Döbling fährt seit April täglich aus Sievering und Nussdorf!" }, "geometry": { "type": "Point", "coordinates": [ 16.334113683506434, 48.140528525009437 ] } },
{ "type": "Feature", "properties": { "id": 362, "title": "Bici-Bus", "weblink": "https://radeln.wien/bici_bus/", "timestamp_start": "2025-05-23T05:20:00Z", "timestamp_end": "2025-05-23T10:00:00Z", "category": "initiative", "host": "Radeln in Döbling", "reccuring": "monthly", "description": "Der Bici-Bus Döbling fährt seit April täglich aus Sievering und Nussdorf!" }, "geometry": { "type": "Point", "coordinates": [ 16.334113683506434, 48.140528525009437 ] } },
{ "type": "Feature", "properties": { "id": 363, "title": "Bici-Bus", "weblink": "https://radeln.wien/bici_bus/", "timestamp_start": "2025-06-20T05:20:00Z", "timestamp_end": "2025-06-20T10:00:00Z", "category": "initiative", "host": "Radeln in Döbling", "reccuring": "monthly", "description": "Der Bici-Bus Döbling fährt seit April täglich aus Sievering und Nussdorf!" }, "geometry": { "type": "Point", "coordinates": [ 16.334113683506434, 48.140528525009437 ] } },
{ "type": "Feature", "properties": { "id": 364, "title": "10.5. Kidical Mass in Döbling", "weblink": "https://radeln.wien/10-5-kidical-mass-start-in-doebling/", "timestamp_start": "2025-05-10T13:00:00Z", "timestamp_end": "2025-05-10T15:00:00Z", "category": "initiative", "host": "Critical Mass Wien", "reccuring": "one_time", "description": "Gemeinsam und mit Polizeibegleitung geht es nun zum Währinger Park. Für Jüngere besteht hier bereits die Möglichkeit für eine längere Rast. Wer noch die Runde durch Währing drehen will, kann uns mit den Teilnehmenden der Währinger Kidical Mass gerne zum Aumannplatz und retour zum Währinger Park begleiten. Die gesamte Route ist rund 7 km lang und wird in ca. einer Stunde Fahrzeit zurückgelegt. Bei Bedarf gibt es eine gemeinsame Rückfahrt nach Oberdöbling. Hier ist die Route im Detail einsehbar. Die Kidical Mass ist als Demonstration angemeldet. Die Teilnahme erfolgt auf eigene Gefahr. Alle Teilnehmenden tragen selbst Sorge für die straßenverkehrstaugliche und verkehrssichere Ausrüstung ihrer Räder.\n\nDie Veranstaltung richtet sich an Familien mit Kindern im Volksschul-, Vorschul- sowie Kindergartenalter. Gemeinsam wird eine bunte und kindgerechte Rundfahrt mit viel Musik und Seifenblasen veranstaltet. Einen gemütlichen, gemeinsamen Ausklang gibt es dann im Währinger Park mit Picknick und Spielen. Die “Kidical Mass” setzt sich seit 2018 für kinderfreundliche und lebenswerte Städte ein. Besonders wichtig ist uns die Sicherheit auf den Alltagswegen der Kinder, den Wegen zu den Bildungsinstitutionen. Heuer findet dieser Kinder-Rad-Corso gleichzeitig in beinahe allen Wiener Bezirken statt." }, "geometry": { "type": "Point", "coordinates": [ 16.334113826627586, 48.140528609608658 ] } },
{ "type": "Feature", "properties": { "id": 365, "title": "Radeln For Future: Vorrang für aktive Mobilität", "weblink": "https://radelnforfuture.at/", "timestamp_start": "2025-06-06T15:00:00Z", "timestamp_end": "2025-06-06T17:00:00Z", "category": "protest", "host": "Radeln for Future", "reccuring": "one_time", "description": "Ab 2027 soll der Steinitzsteg für fast 5 Jahre dem Autoverkehr geopfert werden. Zufußgehenden und Radfahrenden bleibt nur der Umweg über die Floridsdorfer Brücke.\nWir fordern: 1 Fahrspur muss für Zufußgehende und Radfahrende offen bleiben!\n\nAm Weg zum Steinitzsteg beradeln wir auch die wichtigen Achsen Wallensteinstraße – Gentzgasse und Liechtensteinstraße – Heiligenstädter Straße, auf denen durchgängige Radwege fehlen." }, "geometry": { "type": "Point", "coordinates": [ 16.334112364918312, 48.140528642547949 ] } },
{ "type": "Feature", "properties": { "id": 366, "title": "Gürtel Bike Ride 2025", "weblink": "https://radelnforfuture.at/guertel-bike-ride/", "timestamp_start": "2025-05-02T15:00:00Z", "timestamp_end": "2025-05-02T17:00:00Z", "category": "protest", "host": "Radeln for Future", "reccuring": "one_time", "description": "Wer hat sich noch nicht über den Radweg entlang des Gürtels geärgert? Alle paar hundert Meter muss die Seite gewechselt werden, beim Westbahnhof sogar über die Autofahrbahnen. Statt wie Autofahrende nur 2 Ampeln passieren zu müssen, warten auf Radfahrende gleich 7 Ampeln! Zufußgehende sind mit 5 Ampeln auch nicht viel besser dran.\n\nDas entspricht nicht unserer Vorstellung von einem fairen Miteinander im Verkehr. Warum werden ausgerechnet die Gruppen, die sich aktiv klimafreundlich fortbewegen, benachteiligt?\n\nAm Margartengürtel und Wiedner Gürtel gibt es nicht mal einen Radweg!\n\nDer Gürtel ist mehr als 11 km lang und eine wichtige Hauptverkehrsroute. Derzeit steht diese aber nur dem Kfz-Verkehr in einer attraktiven Weise zur Verfügung. Zwischen Eichenstraße und Landstraßer Hauptstraße gibt es nur sporadische Radwegteilstücke. Das muss sich ändern. Damit die Verkehrswende gelingt, muss in Wien ein dichtes Netz durchgängiger Radwege geschaffen werden." }, "geometry": { "type": "Point", "coordinates": [ 16.334111143584643, 48.140529095643387 ] } },
{ "type": "Feature", "properties": { "id": 367, "title": "Future Bike Ride – it’s our future! ", "weblink": "https://radelnforfuture.at/future-bike-ride/?cn-reloaded=1", "timestamp_start": "2025-04-04T15:00:00Z", "timestamp_end": "2025-04-04T17:00:00Z", "category": "protest", "host": "Radeln for Future", "reccuring": "one_time", "description": "Ende April wird in Wien gewählt. Die Demokratie lebt von der Beteiligung aller. Darum wollen wir den Menschen gemeinsam mit anderen Initiativen und Organisationen mit positiven Zukunftsvisionen viele Gründe geben, um wählen zu gehen, und der Politik zeigen, welche Themen den Menschen wichtig sind." }, "geometry": { "type": "Point", "coordinates": [ 16.334111901641673, 48.140528761855734 ] } },
{ "type": "Feature", "properties": { "id": 368, "title": "Grünspur statt Parkspur!", "weblink": "http://www.cabriobeet.net/", "timestamp_start": "2025-03-20T23:00:00Z", "timestamp_end": "2025-12-30T23:00:00", "category": "protest", "host": "Cabriobeet", "reccuring": "daily", "description": "Das Cabriobeet ist seit 2021 ein Symbol\nfür die klimschädlichen Privilegien von Autos in Wien. \n\nDer Wohnraum in Wien wird immer teurer, Parkraum wird aber verschenkt: Für  läppische 10€/Monat kann mit einem Auto öffentlicher Raum privatisiert werden. Wäre es nicht gerecht, ähnlich unkompliziert & billig ein Hochbeet aufstellen zu können? Aktuell gibt es dafür keine rechtliche Grundlage – befindet sich ein Cabrio unter dem Hochbeet, ist das alles aber kein Problem.\n\nDabei müssten wir gerade im Verkehrssektor die CO2-Emissionen dringend senken. Die Stadt Wien möchte in ihrem Klimafahrplan bis 2030 die Anzahl der Autofahrten in der Stadt halbieren. Maßnahmen dafür gibt es keine, außerdem wird an klimaschädlichen Autobahnprojekten im Nord-Osten der Stadt festgehalten." }, "geometry": { "type": "Point", "coordinates": [ 16.33411274435139, 48.140528719698374 ] } },
{ "type": "Feature", "properties": { "id": 369, "title": "Das Radlobby 21 Treffen", "weblink": "https://www.radlobby.at/wien/floridsdorf", "timestamp_start": "2025-06-04T16:30:00Z", "timestamp_end": "2025-06-04T18:00:00Z", "category": "initiative", "host": "Radlobby Wien", "reccuring": "monthly", "description": "Wir veranstalten einmal im Jahr eine öffentliche Radrundfahrt, um das Potential aber auch die Schwachstellen im Radverkehr in Floridsdorf stärker sichtbar zu machen, aber auch kleinere Exkursionen zu konkreten Problemstellen, um vor Ort mögliche Lösungen zu besprechen." }, "geometry": { "type": "Point", "coordinates": [ 16.334113908791149, 48.140527986441207 ] } },
{ "type": "Feature", "properties": { "id": 370, "title": "Das Radlobby 21 Treffen", "weblink": "https://www.radlobby.at/wien/floridsdorf", "timestamp_start": "2025-07-02T16:30:00Z", "timestamp_end": "2025-07-02T18:00:00Z", "category": "initiative", "host": "Radlobby Wien", "reccuring": "monthly", "description": "Wir veranstalten einmal im Jahr eine öffentliche Radrundfahrt, um das Potential aber auch die Schwachstellen im Radverkehr in Floridsdorf stärker sichtbar zu machen, aber auch kleinere Exkursionen zu konkreten Problemstellen, um vor Ort mögliche Lösungen zu besprechen." }, "geometry": { "type": "Point", "coordinates": [ 16.334113908791149, 48.140527986441207 ] } },
{ "type": "Feature", "properties": { "id": 371, "title": "Das Radlobby 21 Treffen", "weblink": "https://www.radlobby.at/wien/floridsdorf", "timestamp_start": "2025-05-07T16:30:00Z", "timestamp_end": "2025-05-07T18:00:00Z", "category": "initiative", "host": "Radlobby Wien", "reccuring": "monthly", "description": "Wir veranstalten einmal im Jahr eine öffentliche Radrundfahrt, um das Potential aber auch die Schwachstellen im Radverkehr in Floridsdorf stärker sichtbar zu machen, aber auch kleinere Exkursionen zu konkreten Problemstellen, um vor Ort mögliche Lösungen zu besprechen." }, "geometry": { "type": "Point", "coordinates": [ 16.334113908791149, 48.140527986441207 ] } },
{ "type": "Feature", "properties": { "id": 372, "title": "Verkehrspolitisches Wahlbarometer zur Wien-Wahl 2025", "weblink": "https://geht-doch.wien/2025/04/08/verkehrspolitisches-wahlbarometer-zur-wien-wahl-2025/", "timestamp_start": "2025-04-08T08:00:00", "timestamp_end": "2025-04-08T12:00:00Z", "category": "initiative", "host": "Geht-Doch.Wien", "reccuring": "initiative", "description": "Mehr Platz für Baum, Fuß und Rad! Das war der Slogan der größten Verkehrsinitiative Wiens im Jahr 2020. “Platz für Wien” hatte anlässlich der Wien-Wahl vor fünf Jahren 18 zentrale verkehrspolitische Maßnahmen entwickelt und die Positionierung von Parteien und Bezirksvorstehungen eingefordert. 57.000 Wiener:innen haben diese Anliegen unterzeichnet." }, "geometry": { "type": "Point", "coordinates": [ 16.334112477551137, 48.140528031627014 ] } },
{ "type": "Feature", "properties": { "id": 641, "title": "Büro der Vereinten Nationen in Wien", "weblink": "http://www.unvienna.org", "timestamp_start": "2020-01-01T15:12:55", "timestamp_end": "2030-12-31T15:12:55", "category": "initiative", "host": "Büro der Vereinten Nationen in Wien", "reccuring": "initiative", "description": null }, "geometry": { "type": "Point", "coordinates": [ 16.41686561, 48.23483602 ] } },
{ "type": "Feature", "properties": { "id": 642, "title": "Organisation der Vereinten Nationen für industrielle Entwicklung", "weblink": "http://www.unido.org", "timestamp_start": "2020-01-01T15:12:55", "timestamp_end": "2030-12-31T15:12:55", "category": "initiative", "host": "Organisation der Vereinten Nationen für industrielle Entwicklung", "reccuring": "initiative", "description": null }, "geometry": { "type": "Point", "coordinates": [ 16.41686561, 48.23483602 ] } },
{ "type": "Feature", "properties": { "id": 643, "title": "Internationale Atomenergie-Organisation", "weblink": "http://www.iaea.org", "timestamp_start": "2020-01-01T15:12:55", "timestamp_end": "2030-12-31T15:12:55", "category": "initiative", "host": "Internationale Atomenergie-Organisation", "reccuring": "initiative", "description": null }, "geometry": { "type": "Point", "coordinates": [ 16.41686561, 48.23483602 ] } },
{ "type": "Feature", "properties": { "id": 644, "title": "Vorbereitungskommission für die Organisation des Vertrags über das umfassende Verbot von Nuklearversuchen", "weblink": "http://www.ctbto.org/", "timestamp_start": "2020-01-01T15:12:55", "timestamp_end": "2030-12-31T15:12:55", "category": "initiative", "host": "Vorbereitungskommission für die Organisation des Vertrags über das umfassende Verbot von Nuklearversuchen", "reccuring": "initiative", "description": null }, "geometry": { "type": "Point", "coordinates": [ 16.41686561, 48.23483602 ] } },
{ "type": "Feature", "properties": { "id": 645, "title": "Büro der Vereinten Nationen für Drogen- und Verbrechensbekämpfung", "weblink": "http://www.unodc.org/", "timestamp_start": "2020-01-01T15:12:55", "timestamp_end": "2030-12-31T15:12:55", "category": "initiative", "host": "Büro der Vereinten Nationen für Drogen- und Verbrechensbekämpfung", "reccuring": "initiative", "description": null }, "geometry": { "type": "Point", "coordinates": [ 16.41686561, 48.23483602 ] } },
{ "type": "Feature", "properties": { "id": 646, "title": "Amt für interne Aufsichtsdienste", "weblink": "http://www.un.org/Depts/oios/", "timestamp_start": "2020-01-01T15:12:55", "timestamp_end": "2030-12-31T15:12:55", "category": "initiative", "host": "Amt für interne Aufsichtsdienste", "reccuring": "initiative", "description": null }, "geometry": { "type": "Point", "coordinates": [ 16.41686561, 48.23483602 ] } },
{ "type": "Feature", "properties": { "id": 647, "title": "Büro der Vereinten Nationen für Weltraumfragen", "weblink": "http://www.unoosa.org/", "timestamp_start": "2020-01-01T15:12:55", "timestamp_end": "2030-12-31T15:12:55", "category": "initiative", "host": "Büro der Vereinten Nationen für Weltraumfragen", "reccuring": "initiative", "description": null }, "geometry": { "type": "Point", "coordinates": [ 16.41686561, 48.23483602 ] } },
{ "type": "Feature", "properties": { "id": 648, "title": "Kommission der Vereinten Nationen für Internationales Handelsrecht", "weblink": "http://www.uncitral.org/", "timestamp_start": "2020-01-01T15:12:55", "timestamp_end": "2030-12-31T15:12:55", "category": "initiative", "host": "Kommission der Vereinten Nationen für Internationales Handelsrecht", "reccuring": "initiative", "description": null }, "geometry": { "type": "Point", "coordinates": [ 16.41686561, 48.23483602 ] } },
{ "type": "Feature", "properties": { "id": 649, "title": "Umweltprogramm der Vereinten Nationen Büro Wien - Interimssekretariat des Karpatenübereinkommens", "weblink": "http://www.carpathianconvention.org/index.htm", "timestamp_start": "2020-01-01T15:12:55", "timestamp_end": "2030-12-31T15:12:55", "category": "initiative", "host": "Umweltprogramm der Vereinten Nationen Büro Wien - Interimssekretariat des Karpatenübereinkommens", "reccuring": "initiative", "description": null }, "geometry": { "type": "Point", "coordinates": [ 16.41686561, 48.23483602 ] } },
{ "type": "Feature", "properties": { "id": 650, "title": "Hoher Flüchtlingskommissar der Vereinten Nationen Büro Wien", "weblink": "http://www.unhcr.at/", "timestamp_start": "2020-01-01T15:12:55", "timestamp_end": "2030-12-31T15:12:55", "category": "initiative", "host": "Hoher Flüchtlingskommissar der Vereinten Nationen Büro Wien", "reccuring": "initiative", "description": null }, "geometry": { "type": "Point", "coordinates": [ 16.41686561, 48.23483602 ] } },
{ "type": "Feature", "properties": { "id": 651, "title": "Informationsdienst der Vereinten Nationen Wien", "weblink": "http://www.unis.unvienna.org/", "timestamp_start": "2020-01-01T15:12:55", "timestamp_end": "2030-12-31T15:12:55", "category": "initiative", "host": "Informationsdienst der Vereinten Nationen Wien", "reccuring": "initiative", "description": null }, "geometry": { "type": "Point", "coordinates": [ 16.41686561, 48.23483602 ] } },
{ "type": "Feature", "properties": { "id": 652, "title": "Postverwaltung der Vereinten Nationen", "weblink": "http://unstamps.un.org/", "timestamp_start": "2020-01-01T15:12:55", "timestamp_end": "2030-12-31T15:12:55", "category": "initiative", "host": "Postverwaltung der Vereinten Nationen", "reccuring": "initiative", "description": null }, "geometry": { "type": "Point", "coordinates": [ 16.41686561, 48.23483602 ] } },
{ "type": "Feature", "properties": { "id": 653, "title": "Wissenschaftlicher Ausschuss der Vereinten Nationen zur Untersuchung der Auswirkungen der atomaren Strahlung", "weblink": "http://www.unscear.org/", "timestamp_start": "2020-01-01T15:12:55", "timestamp_end": "2030-12-31T15:12:55", "category": "initiative", "host": "Wissenschaftlicher Ausschuss der Vereinten Nationen zur Untersuchung der Auswirkungen der atomaren Strahlung", "reccuring": "initiative", "description": null }, "geometry": { "type": "Point", "coordinates": [ 16.41686561, 48.23483602 ] } },
{ "type": "Feature", "properties": { "id": 654, "title": "Internationaler Suchtstoffkontrollrat", "weblink": "http://www.incb.org/", "timestamp_start": "2020-01-01T15:12:55", "timestamp_end": "2030-12-31T15:12:55", "category": "initiative", "host": "Internationaler Suchtstoffkontrollrat", "reccuring": "initiative", "description": null }, "geometry": { "type": "Point", "coordinates": [ 16.41686561, 48.23483602 ] } },
{ "type": "Feature", "properties": { "id": 655, "title": "Register d. Vereinten Nationen für d. Erfassung der durch den Bau der Mauer in dem besetzten palästinensischen Gebiet verursachten Schäden", "weblink": "http://www.unrod.org/", "timestamp_start": "2020-01-01T15:12:55", "timestamp_end": "2030-12-31T15:12:55", "category": "initiative", "host": "Register d. Vereinten Nationen für d. Erfassung der durch den Bau der Mauer in dem besetzten palästinensischen Gebiet verursachten Schäden", "reccuring": "initiative", "description": null }, "geometry": { "type": "Point", "coordinates": [ 16.41686561, 48.23483602 ] } },
{ "type": "Feature", "properties": { "id": 656, "title": "Organisation für Sicherheit und Zusammenarbeit in Europa - Sekretariat", "weblink": "http://www.osce.org/", "timestamp_start": "2020-01-01T15:12:55", "timestamp_end": "2030-12-31T15:12:55", "category": "initiative", "host": "Organisation für Sicherheit und Zusammenarbeit in Europa - Sekretariat", "reccuring": "initiative", "description": null }, "geometry": { "type": "Point", "coordinates": [ 16.36647428, 48.21002171 ] } },
{ "type": "Feature", "properties": { "id": 657, "title": "Organisation für Sicherheit und Zusammenarbeit in Europa -Beauftragter für die Freiheit der Medien", "weblink": "http://www.osce.org/fom", "timestamp_start": "2020-01-01T15:12:55", "timestamp_end": "2030-12-31T15:12:55", "category": "initiative", "host": "Organisation für Sicherheit und Zusammenarbeit in Europa -Beauftragter für die Freiheit der Medien", "reccuring": "initiative", "description": null }, "geometry": { "type": "Point", "coordinates": [ 16.36647428, 48.21002171 ] } },
{ "type": "Feature", "properties": { "id": 658, "title": "Organisation für Sicherheit und Zusammenarbeit in Europa-  Verbindungsbüro der parlamentarischen Versammlung der OSZE", "weblink": "http://www.oscepa.org/", "timestamp_start": "2020-01-01T15:12:55", "timestamp_end": "2030-12-31T15:12:55", "category": "initiative", "host": "Organisation für Sicherheit und Zusammenarbeit in Europa-  Verbindungsbüro der parlamentarischen Versammlung der OSZE", "reccuring": "initiative", "description": null }, "geometry": { "type": "Point", "coordinates": [ 16.35588791, 48.20536103 ] } },
{ "type": "Feature", "properties": { "id": 659, "title": "Organisation der erdölexportierenden Länder", "weblink": "http://www.opec.org/", "timestamp_start": "2020-01-01T15:12:55", "timestamp_end": "2030-12-31T15:12:55", "category": "initiative", "host": "Organisation der erdölexportierenden Länder", "reccuring": "initiative", "description": null }, "geometry": { "type": "Point", "coordinates": [ 16.36599601, 48.21428518 ] } },
{ "type": "Feature", "properties": { "id": 660, "title": "Organisation der erdölexportierenden Länder - Fonds für internationale Entwicklung", "weblink": "http://www.ofid.org/", "timestamp_start": "2020-01-01T15:12:55", "timestamp_end": "2030-12-31T15:12:55", "category": "initiative", "host": "Organisation der erdölexportierenden Länder - Fonds für internationale Entwicklung", "reccuring": "initiative", "description": null }, "geometry": { "type": "Point", "coordinates": [ 16.37895048, 48.20614756 ] } },
{ "type": "Feature", "properties": { "id": 661, "title": "Agentur der Europäischen Union für Grundrechte", "weblink": "http://fra.europa.eu/", "timestamp_start": "2020-01-01T15:12:55", "timestamp_end": "2030-12-31T15:12:55", "category": "initiative", "host": "Agentur der Europäischen Union für Grundrechte", "reccuring": "initiative", "description": null }, "geometry": { "type": "Point", "coordinates": [ 16.37461666, 48.19817042 ] } },
{ "type": "Feature", "properties": { "id": 662, "title": "Wassenaar Arrangement f. Exportkontrolle v. konvention. Waffen und doppelverwendungsfähigen Technologie", "weblink": "http://www.wassenaar.org/", "timestamp_start": "2020-01-01T15:12:55", "timestamp_end": "2030-12-31T15:12:55", "category": "initiative", "host": "Wassenaar Arrangement f. Exportkontrolle v. konvention. Waffen und doppelverwendungsfähigen Technologie", "reccuring": "initiative", "description": null }, "geometry": { "type": "Point", "coordinates": [ 16.37329794, 48.20221499 ] } },
{ "type": "Feature", "properties": { "id": 663, "title": "Internationales Zentrum für Migrationspolitikentwicklung", "weblink": "http://www.icmpd.org/", "timestamp_start": "2020-01-01T15:12:55", "timestamp_end": "2030-12-31T15:12:55", "category": "initiative", "host": "Internationales Zentrum für Migrationspolitikentwicklung", "reccuring": "initiative", "description": null }, "geometry": { "type": "Point", "coordinates": [ 16.37372005, 48.21300672 ] } },
{ "type": "Feature", "properties": { "id": 664, "title": "Internationale Organisation für Migration Regional Büro Wien", "weblink": "http://www.iomvienna.at/", "timestamp_start": "2020-01-01T15:12:55", "timestamp_end": "2030-12-31T15:12:55", "category": "initiative", "host": "Internationale Organisation für Migration Regional Büro Wien", "reccuring": "initiative", "description": null }, "geometry": { "type": "Point", "coordinates": [ 16.36269912, 48.20251471 ] } },
{ "type": "Feature", "properties": { "id": 665, "title": "Joint Vienna Institute", "weblink": "http://www.jvi.org/", "timestamp_start": "2020-01-01T15:12:55", "timestamp_end": "2030-12-31T15:12:55", "category": "initiative", "host": "Joint Vienna Institute", "reccuring": "initiative", "description": null }, "geometry": { "type": "Point", "coordinates": [ 16.34629484, 48.19697469 ] } },
{ "type": "Feature", "properties": { "id": 666, "title": "Internationale Kommission zum Schutz der Donau ICPDR-Sekretariat", "weblink": "http://www.icpdr.org/", "timestamp_start": "2020-01-01T15:12:55", "timestamp_end": "2030-12-31T15:12:55", "category": "initiative", "host": "Internationale Kommission zum Schutz der Donau ICPDR-Sekretariat", "reccuring": "initiative", "description": null }, "geometry": { "type": "Point", "coordinates": [ 16.41686561, 48.23483602 ] } },
{ "type": "Feature", "properties": { "id": 667, "title": "Europäisches Patentamt", "weblink": "http://www.epo.org/", "timestamp_start": "2020-01-01T15:12:55", "timestamp_end": "2030-12-31T15:12:55", "category": "initiative", "host": "Europäisches Patentamt", "reccuring": "initiative", "description": null }, "geometry": { "type": "Point", "coordinates": [ 16.38266281, 48.19574179 ] } },
{ "type": "Feature", "properties": { "id": 668, "title": "Europarat - Verbindungsbüro", "weblink": null, "timestamp_start": "2020-01-01T15:12:55", "timestamp_end": "2030-12-31T15:12:55", "category": "initiative", "host": "Europarat - Verbindungsbüro", "reccuring": "initiative", "description": null }, "geometry": { "type": "Point", "coordinates": [ 16.38057874, 48.19767139 ] } },
{ "type": "Feature", "properties": { "id": 669, "title": "Multilaterale Investitions-Garantie-Agentur - Verbindungsbüro", "weblink": "http://www.miga.org", "timestamp_start": "2020-01-01T15:12:55", "timestamp_end": "2030-12-31T15:12:55", "category": "initiative", "host": "Multilaterale Investitions-Garantie-Agentur - Verbindungsbüro", "reccuring": "initiative", "description": null }, "geometry": { "type": "Point", "coordinates": [ 16.36594101, 48.2106213 ] } },
{ "type": "Feature", "properties": { "id": 670, "title": "Internationale Finanz-Corporation - Verbindungsbüro", "weblink": "http://www.wbginvestmentclimate.org", "timestamp_start": "2020-01-01T15:12:55", "timestamp_end": "2030-12-31T15:12:55", "category": "initiative", "host": "Internationale Finanz-Corporation - Verbindungsbüro", "reccuring": "initiative", "description": null }, "geometry": { "type": "Point", "coordinates": [ 16.36594101, 48.2106213 ] } },
{ "type": "Feature", "properties": { "id": 671, "title": "Europäische Investitionsbank - Verbindungsbüro", "weblink": "http://www.eib.org", "timestamp_start": "2020-01-01T15:12:55", "timestamp_end": "2030-12-31T15:12:55", "category": "initiative", "host": "Europäische Investitionsbank - Verbindungsbüro", "reccuring": "initiative", "description": null }, "geometry": { "type": "Point", "coordinates": [ 16.37276923, 48.1984248 ] } },
{ "type": "Feature", "properties": { "id": 672, "title": "Energiegemeinschaft Sekretariat Wien", "weblink": "http://www.energy-community.org/", "timestamp_start": "2020-01-01T15:12:55", "timestamp_end": "2030-12-31T15:12:55", "category": "initiative", "host": "Energiegemeinschaft Sekretariat Wien", "reccuring": "initiative", "description": null }, "geometry": { "type": "Point", "coordinates": [ 16.36713955, 48.21075957 ] } },
{ "type": "Feature", "properties": { "id": 673, "title": "Internationale Bank für Wiederaufbau und Entwicklung - Verbindungsbüro", "weblink": "http://www.worldbank.org/ibrd", "timestamp_start": "2020-01-01T15:12:55", "timestamp_end": "2030-12-31T15:12:55", "category": "initiative", "host": "Internationale Bank für Wiederaufbau und Entwicklung - Verbindungsbüro", "reccuring": "initiative", "description": null }, "geometry": { "type": "Point", "coordinates": [ 16.38389568, 48.21483803 ] } },
{ "type": "Feature", "properties": { "id": 674, "title": "König Abdullah Bin Abdulaziz Internationales Zentrum für interreligösen u. interkulturellen Dialog ", "weblink": "http://www.kaiciid.org/", "timestamp_start": "2020-01-01T15:12:55", "timestamp_end": "2030-12-31T15:12:55", "category": "initiative", "host": "König Abdullah Bin Abdulaziz Internationales Zentrum für interreligösen u. interkulturellen Dialog ", "reccuring": "initiative", "description": null }, "geometry": { "type": "Point", "coordinates": [ 16.36715316, 48.2164638 ] } },
{ "type": "Feature", "properties": { "id": 675, "title": "Büro der Vereinten Nationen für Abrüstungsfragen ", "weblink": "http://www.un.org/disarmament/vienna/", "timestamp_start": "2020-01-01T15:12:55", "timestamp_end": "2030-12-31T15:12:55", "category": "initiative", "host": "Büro der Vereinten Nationen für Abrüstungsfragen ", "reccuring": "initiative", "description": null }, "geometry": { "type": "Point", "coordinates": [ 16.41686561, 48.23483602 ] } },
{ "type": "Feature", "properties": { "id": 676, "title": "UN-Büro für Nachhaltige Energie für Alle ", "weblink": "http://www.se4all.org/", "timestamp_start": "2020-01-01T15:12:55", "timestamp_end": "2030-12-31T15:12:55", "category": "initiative", "host": "UN-Büro für Nachhaltige Energie für Alle ", "reccuring": "initiative", "description": null }, "geometry": { "type": "Point", "coordinates": [ 16.41411532, 48.23299876 ] } },
{ "type": "Feature", "properties": { "id": 4481, "title": "Stadtteilmanagement Seestadt aspern", "weblink": "https://www.aspern-seestadt.at", "timestamp_start": "2020-01-01T00:00:01", "timestamp_end": "2030-12-31T00:00:01", "category": "participation", "host": "Stadtteilmanagement Seestadt aspern", "reccuring": "initiative", "description": null }, "geometry": { "type": "Point", "coordinates": [ 16.50167465, 48.22422732 ] } },
{ "type": "Feature", "properties": { "id": 4482, "title": "Gebietsbetreuung Stadterneuerung und Stadtteilbüro für die Bezirke 6,12,13,14,15 und 23", "weblink": "https://www.gbstern.at/", "timestamp_start": "2020-01-01T00:00:01", "timestamp_end": "2030-12-31T00:00:01", "category": "participation", "host": "Gebietsbetreuung Stadterneuerung und Stadtteilbüro für die Bezirke 6,12,13,14,15 und 23", "reccuring": "initiative", "description": null }, "geometry": { "type": "Point", "coordinates": [ 16.33384387, 48.18804004 ] } },
{ "type": "Feature", "properties": { "id": 4483, "title": "Gebietsbetreuung Stadterneuerung und Stadtteilbüro für die Bezirke 7, 8, 9, 16, 17 und 18", "weblink": "https://www.gbstern.at/", "timestamp_start": "2020-01-01T00:00:01", "timestamp_end": "2030-12-31T00:00:01", "category": "participation", "host": "Gebietsbetreuung Stadterneuerung und Stadtteilbüro für die Bezirke 7, 8, 9, 16, 17 und 18", "reccuring": "initiative", "description": null }, "geometry": { "type": "Point", "coordinates": [ 16.33155529, 48.21291525 ] } },
{ "type": "Feature", "properties": { "id": 4484, "title": "Gebietsbetreuung Stadterneuerung und Stadtteilbüro für die Bezirke 3,4,5,10 und 11", "weblink": "https://www.gbstern.at/", "timestamp_start": "2020-01-01T00:00:01", "timestamp_end": "2030-12-31T00:00:01", "category": "participation", "host": "Gebietsbetreuung Stadterneuerung und Stadtteilbüro für die Bezirke 3,4,5,10 und 11", "reccuring": "initiative", "description": null }, "geometry": { "type": "Point", "coordinates": [ 16.37024255, 48.17570524 ] } },
{ "type": "Feature", "properties": { "id": 4485, "title": "Gebietsbetreuung Stadterneuerung und Stadtteilbüro für die Bezirke 19 und 21", "weblink": "https://www.gbstern.at/", "timestamp_start": "2020-01-01T00:00:01", "timestamp_end": "2030-12-31T00:00:01", "category": "participation", "host": "Gebietsbetreuung Stadterneuerung und Stadtteilbüro für die Bezirke 19 und 21", "reccuring": "initiative", "description": null }, "geometry": { "type": "Point", "coordinates": [ 16.40112231, 48.26211914 ] } },
{ "type": "Feature", "properties": { "id": 4486, "title": "Gebietsbetreuung Stadterneuerung und Stadtteilbüro für die Bezirke 1,2 und 20", "weblink": "https://www.gbstern.at/", "timestamp_start": "2020-01-01T00:00:01", "timestamp_end": "2030-12-31T00:00:01", "category": "participation", "host": "Gebietsbetreuung Stadterneuerung und Stadtteilbüro für die Bezirke 1,2 und 20", "reccuring": "initiative", "description": null }, "geometry": { "type": "Point", "coordinates": [ 16.40018899, 48.22075756 ] } },
{ "type": "Feature", "properties": { "id": 4487, "title": "Gebietsbetreuung und Stadtteilmanagement Berresgasse", "weblink": "https://www.gbstern.at/", "timestamp_start": "2020-01-01T00:00:01", "timestamp_end": "2030-12-31T00:00:01", "category": "participation", "host": "Gebietsbetreuung und Stadtteilmanagement Berresgasse", "reccuring": "initiative", "description": null }, "geometry": { "type": "Point", "coordinates": [ 16.48265421, 48.24187863 ] } },
{ "type": "Feature", "properties": { "id": 4488, "title": "Gebietsbetreuung und Stadtteilmanagement Nordbahnhof/Nordwestbahnhof", "weblink": "https://www.gbstern.at/", "timestamp_start": "2020-01-01T00:00:01", "timestamp_end": "2030-12-31T00:00:01", "category": "participation", "host": "Gebietsbetreuung und Stadtteilmanagement Nordbahnhof/Nordwestbahnhof", "reccuring": "initiative", "description": null }, "geometry": { "type": "Point", "coordinates": [ 16.38840116, 48.22655934 ] } },
{ "type": "Feature", "properties": { "id": 4489, "title": "Gebietsbetreuung und Stadtteilmanagement Atzgersdorf/In der Wiesen", "weblink": "https://www.gbstern.at/", "timestamp_start": "2020-01-01T00:00:01", "timestamp_end": "2030-12-31T00:00:01", "category": "participation", "host": "Gebietsbetreuung und Stadtteilmanagement Atzgersdorf/In der Wiesen", "reccuring": "initiative", "description": null }, "geometry": { "type": "Point", "coordinates": [ 16.29401163, 48.14797635 ] } },
{ "type": "Feature", "properties": { "id": 4490, "title": "Gebietsbetreuung und Stadtteilmanagement Donaufeld", "weblink": "https://www.gbstern.at/", "timestamp_start": "2020-01-01T00:00:01", "timestamp_end": "2030-12-31T00:00:01", "category": "participation", "host": "Gebietsbetreuung und Stadtteilmanagement Donaufeld", "reccuring": "initiative", "description": null }, "geometry": { "type": "Point", "coordinates": [ 16.4251527, 48.25019206 ] } },
{ "type": "Feature", "properties": { "id": 4491, "title": "Gebietsbetreuung und Stadtteilmanagement Aspanggründe", "weblink": "https://www.gbstern.at/", "timestamp_start": "2020-01-01T00:00:01", "timestamp_end": "2030-12-31T00:00:01", "category": "participation", "host": "Gebietsbetreuung und Stadtteilmanagement Aspanggründe", "reccuring": "initiative", "description": null }, "geometry": { "type": "Point", "coordinates": [ 16.40654701, 48.18423898 ] } },
{ "type": "Feature", "properties": { "id": 4492, "title": "Gebietsbetreuung und Stadtteilmanagement - Stadtteilbüro für den 22. Bezirk", "weblink": "https://www.gbstern.at/", "timestamp_start": "2020-01-01T00:00:01", "timestamp_end": "2030-12-31T00:00:01", "category": "participation", "host": "Gebietsbetreuung und Stadtteilmanagement - Stadtteilbüro für den 22. Bezirk", "reccuring": "initiative", "description": null }, "geometry": { "type": "Point", "coordinates": [ 16.43858945, 48.24081758 ] } },
{ "type": "Feature", "properties": { "id": 30081, "title": "Artikulationen der Demokratiebildung", "weblink": "https://www.demokratiezentrum.org/termine/artikulationen-der-demokratiebildung/", "timestamp_start": "2025-06-15T00:00:00", "timestamp_end": "2025-06-16T00:00:00", "category": "pol_education", "host": "Demokratiezentrum Wien", "reccuring": "one_time", "description": "Wir freuen uns, zur Tagung Artikulationen der Demokratiebildung am 15. und 16. Mai 2025 in Wien einzuladen. Ziel der Tagung ist es, das Verhältnis von Sprache, Demokratie und Bildung zu beleuchten. Es sollen theoretische, empirische und didaktische Perspektiven in Dialog gebracht werden." }, "geometry": { "type": "Point", "coordinates": [ 16.384144275225538, 48.211565208811237 ] } },
{ "type": "Feature", "properties": { "id": 30082, "title": "Verrückte Welt: Politische Bildung in herausfordernden Zeiten", "weblink": "https://www.demokratiezentrum.org/termine/verrueckte-welt-politische-bildung-in-herausfordernden-zeiten/", "timestamp_start": "2025-06-14T00:00:00", "timestamp_end": "2025-06-14T00:00:00", "category": "pol_education", "host": "Demokratiezentrum Wien", "reccuring": "one_time", "description": "Die Welt scheint aus den Fugen geraten zu sein – es ist eine verrückte Welt, die sich in zahlreichen Krisen manifestiert. Kriege in Europa, im sogenannten Nahen Osten, Klimakatastrophen, soziale Ungerechtigkeiten im globalen Maßstab, verschärft durch Populismus/Antisemitismus/Rassismus und Sexismus und verstärkt durch digitale Desinformation, sind Beispiele dafür. Demokratische Orientierung im Denken und Handeln wird erschwert. Vor dem Hintergrund dieser Verunsicherungen gewinnt Politische Bildung erheblich an Bedeutung. Der internationale Workshop befasst sich mit diesen Herausforderungen und gibt Gelegenheit, um Möglichkeitsräume zu diskutieren. Wie können politische Orientierungs-, Urteils- und Kritikfähigkeit gefördert werden, um beispielsweise Informationen zu hinterfragen, Zusammenhänge zu erkennen sowie schließlich Vernetzungen und Handlungsperspektiven zu entwickeln?" }, "geometry": { "type": "Point", "coordinates": [ 16.363519746040716, 48.219534401340368 ] } },
{ "type": "Feature", "properties": { "id": 30083, "title": "Demokratiebildung – Wohin?", "weblink": "https://www.demokratiezentrum.org/termine/demokratiebildung-wohin/", "timestamp_start": "2025-05-05T00:00:00", "timestamp_end": "2025-05-05T00:00:00", "category": "pol_education", "host": "Demokratiezentrum Wien", "reccuring": "one_time", "description": "Diese Veranstaltung widmet sich dem Beitrag „Demokratiebildung. Konzepte, Strategien und Perspektiven“ von Dirk Lange, Lara Kierot, Britta Breser und Wolfgang Beutel im neu erschienenen Nationalen Bildungsbericht 2024 für Österreich. Der Beitrag befasste sich mit Demokratiebildung als Bezugsgröße Politischer Bildung in Österreich, der Blick wurde hierbei insbesondere auf die Schule gelegt. Aufgezeigt wurden relevante Entwicklungen im Laufe der letzten Jahre sowie schließlich der notwendige Veränderungsbedarf für die Demokratiebildung in Österreich. Im Rahmen der Veranstaltung wird Einblick in Erkenntnisse und entwickelte Empfehlungen zu ausgewählten Bereichen gegeben und zu einem gemeinsamen Gespräch eingeladen." }, "geometry": { "type": "Point", "coordinates": [ 16.363500830744943, 48.2195356616254 ] } },
{ "type": "Feature", "properties": { "id": 30084, "title": "Demokratiewerkstatt ", "weblink": "https://www.parlament.gv.at/erleben/demokratiebildung/demokratiewerkstatt/werkstaetten", "timestamp_start": "2020-12-23T00:00:00", "timestamp_end": "2040-06-13T00:00:00", "category": "workshop", "host": "Parlament Österreich", "reccuring": "initiative", "description": "Die Demokratiewerkstatt bietet sieben unterschiedliche Workshops im Parlament an, um junge Menschen für Demokratie zu begeistern. " }, "geometry": { "type": "Point", "coordinates": [ 16.359034298903612, 48.208006956767306 ] } },
{ "type": "Feature", "properties": { "id": 30085, "title": "J.at - Jugendtreff alte Trafik", "weblink": "https://www.jugendzentren.at/standorte/jat/", "timestamp_start": "2019-06-11T00:00:00", "timestamp_end": "2030-06-11T00:00:00", "category": "initiative", "host": "Jugendzentren Wien", "reccuring": "initiative", "description": "RAUS AUS DEM GRAUEN ALLTAG\n\nwe proudly present - unsere Außenfassade!\n\nbunt und vielfältig- wie auch wir sind - sind wir mittendrin am Volkertplatz\n\nUnd ihr seid herzlich willkommen ins J.at zu kommen!\n\nWir sind auch immer in den Parks und am Volkertplatz zu treffen." }, "geometry": { "type": "Point", "coordinates": [ 16.406555287978218, 48.223273872928857 ] } },
{ "type": "Feature", "properties": { "id": 30086, "title": "Jugendtreff Nordbahnhof", "weblink": "https://www.jugendzentren.at/standorte/nordbahnhof/", "timestamp_start": "2021-06-02T00:00:00", "timestamp_end": "2032-06-16T00:00:00", "category": "initiative", "host": "Jugendzentren Wien", "reccuring": "initiative", "description": "Der Jugendtreff Nordbahnhof ist eine Jugendeinrichtung im Stadtentwicklungsgebiet Nordbahnhof. Er bietet auf mehreren Ebenen neben einem zentralen Jugendcafébereich mehrere Räume für Gruppenaktivitäten. Durch die unmittelbare Anbindung des Gemeinschaftsraumes im Haus lassen sich die Angebotsflächen im Jugendtreff erweitern bzw. können die Kellerräume auch den Bewohner:innen des Hauses zur Verfügung gestellt werden. Die jugendadäquate  Ausstattung (Billard, Tischfußball, Tischtennis, Musikanlage, Brettspiele, Internetzugang etc.) steht kostenlos zur Verfügung." }, "geometry": { "type": "Point", "coordinates": [ 16.396472201627915, 48.228542169255419 ] } },
{ "type": "Feature", "properties": { "id": 30087, "title": "J.at - Jugendtreff alte Trafik", "weblink": "https://www.jugendzentren.at/standorte/jat/", "timestamp_start": "2020-06-03T00:00:00", "timestamp_end": "2031-06-05T00:00:00", "category": "initiative", "host": "Jugendzentren Wien", "reccuring": "initiative", "description": "RAUS AUS DEM GRAUEN ALLTAG\n\nwe proudly present - unsere Außenfassade!\n\nbunt und vielfältig- wie auch wir sind - sind wir mittendrin am Volkertplatz\n\nUnd ihr seid herzlich willkommen ins J.at zu kommen!\n\nWir sind auch immer in den Parks und am Volkertplatz zu treffen." }, "geometry": { "type": "Point", "coordinates": [ 16.386931363274208, 48.223041776919452 ] } },
{ "type": "Feature", "properties": { "id": 30088, "title": "Zentrum 9", "weblink": "https://www.jugendzentren.at/standorte/zentrum9/", "timestamp_start": "2018-06-20T00:00:00", "timestamp_end": "2032-06-16T00:00:00", "category": "initiative", "host": "Jugendzentren Wien", "reccuring": "initiative", "description": "In unserem Jugendzentrum direkt beim Lichtentalerpark haben wir ein gemütliches Jugendcafé mit Kochmöglichkeit, täglichem Jausenangebot und mit vielen, verschiedenen Brett- und Karten-Spielen. Die Disco mit DJ-Pult und Lichtanlage ist für Musik und zum Tanzen bestens ausgestattet." }, "geometry": { "type": "Point", "coordinates": [ 16.3573682448447, 48.227531134323961 ] } },
{ "type": "Feature", "properties": { "id": 30089, "title": "Back on Stage 16/17", "weblink": "https://www.jugendzentren.at/standorte/bos16-17/", "timestamp_start": "2014-06-11T00:00:00", "timestamp_end": "2037-06-10T00:00:00", "category": "initiative", "host": "Jugendzentren Wien", "reccuring": "initiative", "description": "Back on Stage 16/17 bietet Mobile Jugendarbeit im 16. und 17. Wiener Gemeindebezirk. Die Anlaufstelle von BoS 16/17 befindet sich in der Hernalser Hauptstraße 24, wenige Gehminuten von der U6-Station Alserstraße entfernt. Unsere ca. 250 m² große Einrichtung bietet neben einem Aufenthaltsraum für Jugendliche mit PCs, Wuzzler und Fernseher, ein Tonstudio und einen Videoschnittraum. Weiters gibt es noch Büroräumlichkeiten und eine Küche. " }, "geometry": { "type": "Point", "coordinates": [ 16.339198392980759, 48.21713306541897 ] } },
{ "type": "Feature", "properties": { "id": 300810, "title": "Musisches Zentrum Wien", "weblink": "https://www.jugendzentren.at/standorte/musisches-zentrum/", "timestamp_start": "2012-06-20T00:00:00", "timestamp_end": "2038-06-30T00:00:00", "category": "initiative", "host": "Jugendzentren Wie", "reccuring": "initiative", "description": "Das Musische Zentrum Wien, gegründet 1976 von Doris Tarlowski, ist ein offenes Haus voller Kunst und Kreativität für Kinder und Jugendliche mit allen Frei- und Spielräumen für die fantasievolle Auseinandersetzung mit Musik, Tanz, Theater und mehr – ein offenes Haus für ästhetische Praxis mit Lust am Experiment." }, "geometry": { "type": "Point", "coordinates": [ 16.350013059728717, 48.207871516376805 ] } },
{ "type": "Feature", "properties": { "id": 300811, "title": "Flash Mädchencafé", "weblink": "https://www.jugendzentren.at/standorte/flash/", "timestamp_start": "2012-06-20T00:00:00", "timestamp_end": "2038-06-16T00:00:00", "category": "initiative", "host": "Jugendzentren Wien", "reccuring": "initiative", "description": "Das flash ist ein partizipatives Mädchen*café, ein Raum nur für Mädchen* und junge Frauen*, die ihre Freizeit hier verbringen wollen. Auf 120 m2 gibt es im Cafébereich eine Bar, PCs mit Internet, WIFI, die Schreibwand und Infomaterial. In der Disco gibt es eine Bühne mit Musikanlage, Beamer, Spiegel für Tanzen, Singen und Bewegung, sowie einen Wuzzler. Im Chillraum, mit Hochbett und Boxsack, kann man sich auch mal zurückziehen oder austoben. Im Hof gibt es eine Graffitiwand und den Mini-Garten. Der Gehsteig vor dem flash kann im Sommer mitgenutzt werden." }, "geometry": { "type": "Point", "coordinates": [ 16.345117681167171, 48.20117664248702 ] } },
{ "type": "Feature", "properties": { "id": 300812, "title": "Jugendzentrum come2gether", "weblink": "https://www.jugendzentren.at/standorte/c2g/", "timestamp_start": "2013-06-12T00:00:00", "timestamp_end": "2034-06-07T00:00:00", "category": "initiative", "host": "Jugendzentren Wien", "reccuring": "initiative", "description": "Das Jugend- und Stadtteilzentrum come2gether ist eine \"eierlegende Wollmilchsau\" auf 3 Ebenen:\n\n    Veranstaltungssaal / Disco\n    Jugend- / Frauentreff\n    Lern-,  Gruppen- und Medienräume\n\nDementsprechend vielfältig ist das Angebot: Neben den „klassischen“ Jugendzentrumsangeboten gibt es Montag und Mittwoch Lernhilfe im Lernraum, einen 3D-Drucker und einen Plotter im Café und ein Studio, in dem Jugendliche an ihren eigenen Songs feilen können. Zudem nutzen derzeit elf verschiedene Gruppen - vom selbstorganisierten Jugendtanztraining über Selbstverteidigungsgruppen bis zur Jongliergruppe - unseren Saal, in dem auch diverse Bewegungsangebote für Frauen stattfinden." }, "geometry": { "type": "Point", "coordinates": [ 16.402621718014004, 48.19365799908752 ] } },
{ "type": "Feature", "properties": { "id": 300813, "title": "Back on Stage 5", "weblink": "https://www.jugendzentren.at/standorte/bos5/", "timestamp_start": "2012-06-15T00:00:00", "timestamp_end": "2034-06-14T00:00:00", "category": "initiative", "host": "Jugendzentren Wien", "reccuring": "initiative", "description": "Back on Stage 5 (BoS 5) ist die Mobile Jugendarbeit im 5. Wiener Gemeindebezirk. Die Anlaufstelle von BoS 5 befindet sich in der Nähe des Margaretenplatz in der Strobachgasse gegenüber vom Fitnesscenter John Harris. Unsere ca. 100 m2 große Einrichtung bietet neben einem Aufenthaltsraum für Jugendliche, PS4, Beamer und Box-Sack auch ein Tonstudio, eine Küche sowie Büroräumlichkeiten mit PC´s." }, "geometry": { "type": "Point", "coordinates": [ 16.358708718244124, 48.192587711717543 ] } },
{ "type": "Feature", "properties": { "id": 300814, "title": "Jugendtreff Sovie", "weblink": "https://www.jugendzentren.at/standorte/sovie/", "timestamp_start": "2006-06-02T00:00:00", "timestamp_end": "2035-06-02T00:00:00", "category": "initiative", "host": "Jugendzentren Wien", "reccuring": "initiative", "description": "Der Jugendtreff SOVIE liegt im Sonnwendviertel in der Nähe des Wiener Hauptbahnhofs im Bildungscampus Sonnwendviertel im Untergeschoss.\n\nEr besteht aus einem 120 m² großen Raum mit Küche und einem Jugendcafébereich.\n\nWir haben....\n\n    Tischtennis\n    Wuzzeln\n    Playstation\n    Werkraum\n    Internetzugänge\n    W-Lan\n    Dj - Equipment\n    Kochmöglichkeiten\n    vieles mehr......\n" }, "geometry": { "type": "Point", "coordinates": [ 16.384506393881566, 48.178352783745808 ] } },
{ "type": "Feature", "properties": { "id": 300815, "title": "Jugendtreff Arthaberbad", "weblink": "https://www.jugendzentren.at/standorte/arthaberbad/", "timestamp_start": "2006-06-02T00:00:00", "timestamp_end": "2035-06-02T00:00:00", "category": "initiative", "host": "Jugendzentren Wien", "reccuring": "initiative", "description": "In Innerfavoriten ist immer etwas los, und wir sind mittendrin. In den Parks der näheren Umgebung sind wir regelmäßig aktiv, wenn wir nicht gerade in unserem schönen ehemaligen Freibad freizeitpädagogische Angebote von Akrobatik bis Batik gestalten. Wir orientieren uns an den Themen und Bedürfnissen der Besucher:innen der AHB und ergänzen sie mit einem Genderblick, einer antirassistischen sowie feministischen Grundhaltung und Parteilichkeit gegenüber der Zielgruppe.\n" }, "geometry": { "type": "Point", "coordinates": [ 16.371940781088696, 48.173003565471944 ] } },
{ "type": "Feature", "properties": { "id": 300816, "title": "Wiener Ehrenamtswoche", "weblink": "https://www.wienxtra.at/schulevents/wiener-ehrenamtswoche/", "timestamp_start": "2025-06-16T00:00:00", "timestamp_end": "2025-06-18T00:00:00", "category": "participation", "host": "WIENXTRA ", "reccuring": "one_time", "description": "Kinder und Jugendliche wollen mithelfen, mitgestalten und sich für die Gesellschaft, die Umwelt, und für Wien engagieren – also unterstützen wir sie auch 2025 wieder dabei!\n\nKurz vor den Sommerferien von Mo, 16. - Mi, 18. Juni und Mo, 23. - Mi, 25. Juni heißt’s daher im Rahmen der fünften Wiener Ehrenamtswoche für Wien’s Schulklassen wieder „Einfach machen!“\n\nGemeinnützige Projekte unterschiedlicher Organisationen, Vereine, NGOs sowie von der Stadt Wien laden Schulklassen dazu ein, mitanzupacken und sich für die Gesellschaft, die Umwelt und die Stadt stark zu machen." }, "geometry": { "type": "Point", "coordinates": [ 16.358575428233788, 48.21066247116439 ] } },
{ "type": "Feature", "properties": { "id": 300817, "title": "Lehrgang Politische Erwachsenenbildung 2025", "weblink": "https://politischebildung.at/veranstaltungskalender/veranstaltungskalender-oegpb/?dat=2025-06-12#evtdet42379", "timestamp_start": "2025-06-12T00:00:00", "timestamp_end": "2025-06-13T00:00:00", "category": "pol_education", "host": "Österreichische Gesellschaft für Politische Bildung", "reccuring": "one_time", "description": "Gleichheit in Differenz – soziale Gerechtigkeit – Intersektionalität:\n\n    Feministische Theorie und (politische) Praxis als Paradigma neuer sozialer Bewegungen; Geschichte der Frauenbewegungen\n    Diversität, Ungleichheit, Diskriminierung und Antidiskriminierung\n    intersektionale Analyse der sozialen Verhältnisse und soziale Gerechtigkeit\n    Gleichheit und Differenz als Gegenstand und als didaktische Leitlinie der pEB: Grundzüge einer differenzbewussten Didaktik \n\n    (Inputs; interaktive Sozialformen; Exkursion)\n" }, "geometry": { "type": "Point", "coordinates": [ 16.431872816646599, 48.205631576823023 ] } },
{ "type": "Feature", "properties": { "id": 300819, "title": "Kritische Medienkompetenz. Politische Erwachsenenbildung im digitalen Zeitalter", "weblink": "https://politischebildung.at/veranstaltungskalender/veranstaltungskalender-oegpb/?dat=2025-10-02#evtdet42374", "timestamp_start": "2025-10-02T00:00:00", "timestamp_end": "2025-10-03T00:00:00", "category": "pol_education", "host": "Österreichische Gesellschaft für Politische Bildung", "reccuring": "one_time", "description": "Mag. Helmut Peissl, Studium der Medien- und Kommunikationswissenschaft an der Alpen-Adria-Universität Klagenfurt; Leitung von Studien zum nichtkommerziellen Rundfunk in Österreich und Europa mit Schwerpunkt auf Medien und Mehrsprachigkeit, Lebensbegleitendes Lernen und Public Value, leitet seit 2010 das Community Medien Institut COMMIT (www.commit.at); externer Trainer der ÖGPB\nMag. Simon Olipitz, BA hat Publizistik und Kommunikationswissenschaft an der Universität Wien und Medienmanagement an der FH St. Pölten studiert. Seit 2017 Mitarbeiter von COMMIT in den Bereichen Bildungsmanagement und Kritische Medienkompetenz; externer Trainer der ÖGPB" }, "geometry": { "type": "Point", "coordinates": [ 16.375650181490062, 48.192449380492157 ] } },
{ "type": "Feature", "properties": { "id": 300820, "title": "Caritas Workshops Demokratiekultur", "weblink": "https://www.caritas-wien.at/hilfe-angebote/asyl-integration/miteinander/aktuelle-projekte/workshops-demokratiekultur/", "timestamp_start": "2025-06-01T00:00:00", "timestamp_end": "2027-06-01T00:00:00", "category": "workshop", "host": "Caritas Wien", "reccuring": "initiative", "description": "In den Workshops zu Demokratiekultur und Medienkompetenzen vermittelt Missing Link geflüchteten Jugendlichen Möglichkeiten und Grenzen der Demokratie, klärt auf über das politische Leben und Partizipation in Österreich, über Gleichberechtigung in Familie und Partnerschaft sowie über den Umgang mit sozialen Medien. Im Fokus steht die Vermittlung grundlegenden Wissens über Gesellschaft in Österreich. Demokratiekultur und Meinungsfreiheit, aber auch deren Grenzen, sollen durch einen gemeinsamen, geschützten Diskussionsrahmen erfahrbar gemacht werden." }, "geometry": { "type": "Point", "coordinates": [ 16.365286036584035, 48.249999349723616 ] } },
{ "type": "Feature", "properties": { "id": 300821, "title": "Niederlassungsrecht und Staatsbürgerschaft", "weblink": "https://www.wienxtra.at/ifp/event/36230/?return_url=%2Ferwachsene%2F", "timestamp_start": "2025-06-23T00:00:00", "timestamp_end": "2025-06-23T00:00:00", "category": "workshop", "host": "Institut für Freizeitpädagogik", "reccuring": "one_time", "description": "In welcher „rechtlichen Matrix“ bewegen sich Migrant_innen in Österreich? Welche Angehörige können sie unter welchen Voraussetzungen nach Österreich holen? Wann erhalten sie die österreichische Staatsbürgerschaft? Wie unterscheidet sich ihr Status von jenem der Asylwerber_innen? Das Niederlassungsrecht wird ausführlich behandelt, um die rechtliche Situation von Klient_innen rasch erfassen zu können." }, "geometry": { "type": "Point", "coordinates": [ 16.343693624743594, 48.211632789556404 ] } },
{ "type": "Feature", "properties": { "id": 300822, "title": "Überblick über das Asylrecht", "weblink": "https://www.wienxtra.at/ifp/event/36229/?return_url=%2Ferwachsene%2F", "timestamp_start": "2025-06-23T00:00:00", "timestamp_end": "2025-06-23T00:00:00", "category": "workshop", "host": "Institut für Freizeitpädagogik", "reccuring": "one_time", "description": "Die Bildungsveranstaltung bietet einen Überblick über die verschiedenen Fluchtgründe und soll Grundkenntnisse des Asylrechts vermitteln. Dabei liegt der Hauptfokus auf der Darstellung der rechtlichen Rahmenbedingungen (Genfer Flüchtlingskonvention, österreichische Rechtslage) sowie des Ablaufs des Asylverfahrens, damit die Teilnehmer_innen ein grundlegendes Verständnis für diese komplexen Prozesse erhalten. Des Weiteren wird ein Einblick in die Vielfalt der Aufenthaltstitel und -dokumente gegeben, die für Asylsuchende und Flüchtlinge relevant sind. Hierbei werden auch die damit verbundenen sozialen Rechte beleuchtet." }, "geometry": { "type": "Point", "coordinates": [ 16.343646380336892, 48.211633934384743 ] } },
{ "type": "Feature", "properties": { "id": 300823, "title": "Bis hier hin und nicht weiter!", "weblink": "https://www.wienxtra.at/ifp/event/36222/?return_url=%2Ferwachsene%2F", "timestamp_start": "2025-06-24T00:00:00", "timestamp_end": "2025-06-25T00:00:00", "category": "workshop", "host": "Institut für Freizeitpädagogik", "reccuring": "one_time", "description": "In der Offenen Jugendarbeit bin ich in vielen Rollen gefragt. Neben meiner Professionalität auch als Mensch mit meinem Denken, meinen Vorstellungen und meinen Regeln. Das alles wird ständig auf die Probe gestellt. Sowohl im Jugendzentrum als auch im öffentlichen Raum halten sich Jugendliche nicht immer an soziale Regeln oder Vereinbarungen. Es werden persönliche Grenzen aber auch gesetzliche Bestimmungen ausgelotet oder sogar überschritten, was in Einzelfällen zu kriminellen Handlungen führen kann. Mit welchem Selbstbewusstsein und welcher Sicherheit kann ich auftreten, um mit den Grenzüberschreitungen der Jugendlichen konstruktiv umgehen zu können? Wie kann ich auf Regelverstöße reagieren? Welche Handlungsoptionen habe ich? Wie werden Grenzen so gesetzt, dass sie geachtet werden? Wie viel darf oder muss ich aushalten?" }, "geometry": { "type": "Point", "coordinates": [ 16.343678162937767, 48.211608175740814 ] } },
{ "type": "Feature", "properties": { "id": 300830, "title": "Regenbogenparade 2025 (Vienna Pride Parade)", "weblink": "https://viennapride.at/regenbogenparade/", "timestamp_start": "2025-06-14T00:00:00", "timestamp_end": "2025-06-14T00:00:00", "category": "protest", "host": "Vienna Pride", "reccuring": "one_time", "description": "The Regenbogenparade (Vienna Pride Parade) on 14 June 2025 is the largest annual political demonstration of the LGBTIQ community in Austria, where LGBTQ+ individuals and allies march for acceptance and equal rights. Hosted by HOSI Wien (Vienna Pride), participants are encouraged to join with banners and posters to voice their demands for respect and equality." }, "geometry": { "type": "Point", "coordinates": [ 16.3542, 48.2065 ] } },
{ "type": "Feature", "properties": { "id": 300832, "title": "Salon Servus (Social Gathering for Seniors)", "weblink": "https://www.gbstern.at/themen-projekte/salon-servus/", "timestamp_start": "2025-05-15T00:00:00", "timestamp_end": "2025-06-26T00:00:00", "category": "workshop", "host": "Gebietsbetreuung Stadterneuerung", "reccuring": "weekly", "description": "Salon Servus is a free social gathering for residents age 60+ in Donaustadt, organized by Gebietsbetreuung Stadterneuerung. Held every two weeks (Thursday mornings), it offers games and group activities to foster neighborhood connections and community networks. The meetings are open to all seniors and strengthen communal ties in a relaxed atmosphere." }, "geometry": { "type": "Point", "coordinates": [ 16.435, 48.243 ] } },
{ "type": "Feature", "properties": { "id": 300833, "title": "Repaircafé – 48er-Tandler Margareten", "weblink": "https://48ertandler.wien.gv.at/Veranstaltung/repaircafe-juni/", "timestamp_start": "2025-06-26T00:00:00", "timestamp_end": "2025-06-26T00:00:00", "category": "workshop", "host": "48er-Tandler Margareten", "reccuring": "one_time", "description": "The 48er-Tandler Margareten hosts a free Repair Café on 26 June 2025 (14:00–18:00), where volunteers repair small broken electrical appliances and textiles for patrons. This event promotes circular economy and resource reuse, requiring prior sign-up for electronics repairs. It is organized by the city’s MA 48 (Wiener Altwarenmarkt) and open to all." }, "geometry": { "type": "Point", "coordinates": [ 16.357, 48.189 ] } },
{ "type": "Feature", "properties": { "id": 300835, "title": "Mahnwache am Ballhausplatz", "weblink": "https://omasgegenrechts.at/veranstaltung/mahnwache-4/2025-06-20/", "timestamp_start": "2025-06-20T00:00:00", "timestamp_end": "2025-06-20T00:00:00", "category": "protest", "host": "Omas gegen Rechts", "reccuring": "one_time", "description": "A vigil ('Mahnwache') for refugees is scheduled for 20 June 2025 (10:00–14:00) at Ballhausplatz, organized by Omas gegen Rechts. The silent demonstration, titled 'für Menschen in den Elendslagern am Rande Europas,' draws attention to the plight of refugees in camps at Europe’s borders and calls for humane policies." }, "geometry": { "type": "Point", "coordinates": [ 16.364, 48.208 ] } },
{ "type": "Feature", "properties": { "id": 300836, "title": "Vienna Pride Village 2025", "weblink": "https://viennapride.at/en/pride-village/", "timestamp_start": "2025-06-12T00:00:00", "timestamp_end": "2025-06-14T00:00:00", "category": "participation", "host": "Vienna Pride", "reccuring": "one_time", "description": "From 12–14 June 2025, Rathausplatz will host the Vienna Pride Village, a major community festival featuring LGBTIQ information booths, cultural activities, artist performances and discussions. Organized by Vienna Pride (HOSI Wien), it offers a vibrant public space to celebrate diversity, exchange experiences, and promote LGBTIQ inclusion and acceptance" }, "geometry": { "type": "Point", "coordinates": [ 16.3542, 48.2065 ] } },
{ "type": "Feature", "properties": { "id": 300837, "title": "Volxküche Ottakring-Hernals (June)", "weblink": "https://volx-club.at/kalender/volxkueche-warmes-essen-gegen-soziale-kaelte-16/", "timestamp_start": "2025-06-29T00:00:00", "timestamp_end": "2025-06-29T00:00:00", "category": "participation", "host": "volx*club Ottakring\n", "reccuring": "one_time", "description": "The Volxküche Ottakring-Hernals is a monthly free community kitchen held at volx*club Ottakring (Familienplatz 6). On 29 June 2025 (11:30–14:00), it will serve free vegan meals, coffee and tea to guests. The event aims to bring neighbors together—sharing food, conversation and games in a welcoming atmosphere with KPÖ activists." }, "geometry": { "type": "Point", "coordinates": [ 16.337, 48.203 ] } },
{ "type": "Feature", "properties": { "id": 300838, "title": "Volxküche Ottakring-Hernals (July)", "weblink": "https://volx-club.at/kalender/volxkueche-warmes-essen-gegen-soziale-kaelte-17/", "timestamp_start": "2025-07-27T00:00:00", "timestamp_end": "2025-07-27T00:00:00", "category": "participation", "host": "volx*club Ottakring\n", "reccuring": "one_time", "description": "The Volxküche (Ottakring-Hernals) continues on 27 July 2025 (11:30–14:00) at the volx*club. This free community kitchen provides hot vegan meals and refreshments, encouraging locals to meet and socialize in an inclusive community setting." }, "geometry": { "type": "Point", "coordinates": [ 16.337, 48.203 ] } },
{ "type": "Feature", "properties": { "id": 300839, "title": "Volxküche Ottakring-Hernals (August)", "weblink": "https://volx-club.at/kalender/volxkueche-warmes-essen-gegen-soziale-kaelte-18/", "timestamp_start": "2025-08-31T00:00:00", "timestamp_end": "2025-08-31T00:00:00", "category": "participation", "host": "volx*club Ottakring\n", "reccuring": "one_time", "description": "The Volxküche (Ottakring-Hernals) is held again on 31 August 2025 (11:30–14:00) at volx*club Ottakring. It offers free communal meals and beverages to foster social connections, welcoming all community members to join the inclusive gathering" }, "geometry": { "type": "Point", "coordinates": [ 16.337, 48.203 ] } },
{ "type": "Feature", "properties": { "id": 1624429, "title": "Leitbild - Zielgebiet Donaufeld", "weblink": "http://www.wiengestalten.at/leitbild-zielgebiet-donaufeld/", "timestamp_start": "2013-09-30T00:00:00", "timestamp_end": "2030-12-31T00:00:00", "category": "participation", "host": "MA21 - Stadteilplanung und Flächennutzung", "reccuring": "initiative", "description": null }, "geometry": { "type": "Point", "coordinates": [ 16.41269098, 48.25371107 ] } },
{ "type": "Feature", "properties": { "id": 1624430, "title": "Lebensmittelkooperative Food-X", "weblink": "http://www.wiengestalten.at/lebensmittelkooperative-food-x/", "timestamp_start": "2013-12-31T00:00:00", "timestamp_end": "2026-06-02T00:00:00", "category": "initiative", "host": "Lokale Agenda Favoriten", "reccuring": "initiative", "description": null }, "geometry": { "type": "Point", "coordinates": [ 16.38031007, 48.17243861 ] } },
{ "type": "Feature", "properties": { "id": 1624431, "title": "Freiraumgestaltung für (und mit) Mädchen in Innerfavoriten", "weblink": "http://www.wiengestalten.at/freiraumgestaltung-fuer-und-mit-maedchen-innerfavoriten/", "timestamp_start": "2013-12-31T00:00:00", "timestamp_end": "2030-12-31T00:00:00", "category": "participation", "host": "Lokale Agenda Favoriten", "reccuring": "initiative", "description": null }, "geometry": { "type": "Point", "coordinates": [ 16.37986587, 48.1723001 ] } },
{ "type": "Feature", "properties": { "id": 1624432, "title": "Verkehrskonzept Wienerberg-City", "weblink": "http://www.wiengestalten.at/verkehrskonzept-wienerberg-city/", "timestamp_start": "2013-12-31T00:00:00", "timestamp_end": "2030-12-31T00:00:00", "category": "initiative", "host": "Lokale Agenda Favoriten", "reccuring": "initiative", "description": null }, "geometry": { "type": "Point", "coordinates": [ 16.37986587, 48.1723001 ] } },
{ "type": "Feature", "properties": { "id": 1624433, "title": "Spiel- und Freiräume in Favoriten – Monte Laa", "weblink": "http://www.wiengestalten.at/spiel-und-freiraeume-in-favoriten-monte-laa/", "timestamp_start": "2013-12-31T00:00:00", "timestamp_end": "2030-12-31T00:00:00", "category": "initiative", "host": "Lokale Agenda Favoriten", "reccuring": "initiative", "description": null }, "geometry": { "type": "Point", "coordinates": [ 16.37986587, 48.1723001 ] } },
{ "type": "Feature", "properties": { "id": 1624434, "title": "Inter-/Kultureller Dialog", "weblink": "http://www.wiengestalten.at/inter-kultureller-dialog/", "timestamp_start": "2013-12-31T00:00:00", "timestamp_end": "2030-12-31T00:00:00", "category": "initiative", "host": "Lokale Agenda Favoriten", "reccuring": "initiative", "description": null }, "geometry": { "type": "Point", "coordinates": [ 16.37986587, 48.1723001 ] } },
{ "type": "Feature", "properties": { "id": 1624437, "title": "Gedenkprojekt Volksopernviertel", "weblink": "http://www.wiengestalten.at/gedenkprojekt-volksopernviertel/", "timestamp_start": "2013-12-31T00:00:00", "timestamp_end": "2030-12-31T00:00:00", "category": "initiative", "host": "Lokale Agenda Alsergrund", "reccuring": "initiative", "description": null }, "geometry": { "type": "Point", "coordinates": [ 16.35435541, 48.22587481 ] } },
{ "type": "Feature", "properties": { "id": 1624438, "title": "Alserbachstraße - eine Straße im Aufschwung", "weblink": "http://www.wiengestalten.at/alserbachstrasse-eine-strasse-im-aufschwung/", "timestamp_start": "2013-09-30T00:00:00", "timestamp_end": "2030-12-31T00:00:00", "category": "participation", "host": "Lokale Agenda Alsergrund", "reccuring": "initiative", "description": null }, "geometry": { "type": "Point", "coordinates": [ 16.35946153, 48.22531955 ] } },
{ "type": "Feature", "properties": { "id": 1624439, "title": "Alserbachstraße - eine Straße im Aufschwung", "weblink": "http://www.wiengestalten.at/alserbachstrasse-eine-strasse-im-aufschwung/", "timestamp_start": "2013-09-30T00:00:00", "timestamp_end": "2030-12-31T00:00:00", "category": "participation", "host": "Lokale Agenda Alsergrund", "reccuring": "initiative", "description": null }, "geometry": { "type": "Point", "coordinates": [ 16.35946153, 48.22531955 ] } },
{ "type": "Feature", "properties": { "id": 1624442, "title": "Marktbeirat Schlingermarkt", "weblink": "http://www.wiengestalten.at/marktbeirat-schlingermarkt/", "timestamp_start": "2011-12-31T00:00:00", "timestamp_end": "2030-12-31T00:00:00", "category": "initiative", "host": "WKO, Karl Machulka", "reccuring": "initiative", "description": null }, "geometry": { "type": "Point", "coordinates": [ 16.40149419, 48.26149069 ] } },
{ "type": "Feature", "properties": { "id": 1624444, "title": "Urbanitätsoffensive Hauptbahnhof Umfeld (UHU)", "weblink": "http://www.wiengestalten.at/urbanitaetsoffensive-hauptbahnhof-umfeld-uhu/", "timestamp_start": "2013-12-31T00:00:00", "timestamp_end": "2030-12-31T00:00:00", "category": "initiative", "host": "Wirtschaftskammer Wien, Abteilung Stadtplanung und Verkehrspolitik", "reccuring": "initiative", "description": null }, "geometry": { "type": "Point", "coordinates": [ 16.37803525, 48.18246958 ] } },
{ "type": "Feature", "properties": { "id": 1624449, "title": "Interkulturelles Zusammenleben", "weblink": "http://www.wiengestalten.at/interkulturelles-zusammenleben/", "timestamp_start": "2012-12-31T00:00:00", "timestamp_end": "2030-12-31T00:00:00", "category": "initiative", "host": "Lokale Agenda Liesing", "reccuring": "initiative", "description": null }, "geometry": { "type": "Point", "coordinates": [ 16.28336884, 48.13659792 ] } },
{ "type": "Feature", "properties": { "id": 1624450, "title": "Gruppe Respekt", "weblink": "http://www.wiengestalten.at/gruppe-respekt/", "timestamp_start": "2010-12-31T00:00:00", "timestamp_end": "2030-12-31T00:00:00", "category": "initiative", "host": "Stadtteilzentrum Bassena", "reccuring": "initiative", "description": null }, "geometry": { "type": "Point", "coordinates": [ 16.32706035, 48.16092535 ] } },
{ "type": "Feature", "properties": { "id": 1624454, "title": "Radverkehr in Liesing", "weblink": "http://www.wiengestalten.at/radverkehr-in-liesing/", "timestamp_start": "2009-12-31T00:00:00", "timestamp_end": "2030-12-31T00:00:00", "category": "initiative", "host": "Lokale Agenda Liesing", "reccuring": "initiative", "description": null }, "geometry": { "type": "Point", "coordinates": [ 16.28336884, 48.13659792 ] } },
{ "type": "Feature", "properties": { "id": 1624456, "title": "Grätzlgarten 9", "weblink": "http://www.wiengestalten.at/graetzlgarten-9/", "timestamp_start": "2012-02-29T00:00:00", "timestamp_end": "2030-12-31T00:00:00", "category": "initiative", "host": "Verein Grätzlgärten Alsergrund", "reccuring": "initiative", "description": null }, "geometry": { "type": "Point", "coordinates": [ 16.35442501, 48.21986861 ] } },
{ "type": "Feature", "properties": { "id": 1624457, "title": "Sensengarten", "weblink": "http://www.wiengestalten.at/sensengarten/", "timestamp_start": "2010-12-31T00:00:00", "timestamp_end": "2030-12-31T00:00:00", "category": "initiative", "host": "Sensengarten", "reccuring": "initiative", "description": null }, "geometry": { "type": "Point", "coordinates": [ 16.35503991, 48.22030306 ] } },
{ "type": "Feature", "properties": { "id": 1624458, "title": "Sensengarten", "weblink": "http://www.wiengestalten.at/sensengarten/", "timestamp_start": "2010-12-31T00:00:00", "timestamp_end": "2030-12-31T00:00:00", "category": "initiative", "host": "Sensengarten", "reccuring": "initiative", "description": null }, "geometry": { "type": "Point", "coordinates": [ 16.35503991, 48.22030306 ] } },
{ "type": "Feature", "properties": { "id": 1624462, "title": "Spielen auf der Wieden", "weblink": "http://www.wiengestalten.at/spielen-auf-der-wieden/", "timestamp_start": "2004-12-31T00:00:00", "timestamp_end": "2030-12-31T00:00:00", "category": "initiative", "host": "Lokale Agenda Wieden", "reccuring": "initiative", "description": null }, "geometry": { "type": "Point", "coordinates": [ 16.36658394, 48.19209379 ] } },
{ "type": "Feature", "properties": { "id": 1624464, "title": "Fairtrade", "weblink": "http://www.wiengestalten.at/fairtrade/", "timestamp_start": "2010-12-31T00:00:00", "timestamp_end": "2030-12-31T00:00:00", "category": "initiative", "host": "Lokale Agenda Alsergrund", "reccuring": "initiative", "description": null }, "geometry": { "type": "Point", "coordinates": [ 16.35435541, 48.22587481 ] } },
{ "type": "Feature", "properties": { "id": 1624465, "title": "Steine des Gedenkens", "weblink": "http://www.wiengestalten.at/steine-des-gedenkens/", "timestamp_start": "2007-12-31T00:00:00", "timestamp_end": "2030-12-31T00:00:00", "category": "initiative", "host": "Lokale Agenda Landstraße", "reccuring": "initiative", "description": null }, "geometry": { "type": "Point", "coordinates": [ 16.38648462, 48.19918711 ] } },
{ "type": "Feature", "properties": { "id": 1624467, "title": "Kunst findet Stadt", "weblink": "http://www.wiengestalten.at/kunst-findet-stadt/", "timestamp_start": "2004-12-31T00:00:00", "timestamp_end": "2030-12-31T00:00:00", "category": "initiative", "host": "Lokale Agenda Liesing", "reccuring": "initiative", "description": null }, "geometry": { "type": "Point", "coordinates": [ 16.28336884, 48.13659792 ] } },
{ "type": "Feature", "properties": { "id": 1624470, "title": "Stadtteilnetzwerk Hirschstetten", "weblink": "http://www.wiengestalten.at/stadtteilnetzwerk-hirschstetten/", "timestamp_start": "2007-12-31T00:00:00", "timestamp_end": "2030-12-31T00:00:00", "category": "participation", "host": "Lokale Agenda Liesing", "reccuring": "initiative", "description": null }, "geometry": { "type": "Point", "coordinates": [ 16.46003581, 48.23939397 ] } },
{ "type": "Feature", "properties": { "id": 1624472, "title": "Agendagruppe Generationen", "weblink": "http://www.wiengestalten.at/agendagruppe-generationen/", "timestamp_start": "2011-12-31T00:00:00", "timestamp_end": "2030-12-31T00:00:00", "category": "initiative", "host": "Lokale Agenda Alsergrund", "reccuring": "initiative", "description": null }, "geometry": { "type": "Point", "coordinates": [ 16.35435541, 48.22587481 ] } },
{ "type": "Feature", "properties": { "id": 1624474, "title": "Gedenkprojekt Volksopenviertel", "weblink": "http://www.wiengestalten.at/gedenkprojekt-volksopenviertel/", "timestamp_start": "2015-08-31T00:00:00", "timestamp_end": "2030-12-31T00:00:00", "category": "initiative", "host": "Verein zur Erforschung der Geschichte des Volksopernviertels in den Jahren 1938 - 1945", "reccuring": "initiative", "description": null }, "geometry": { "type": "Point", "coordinates": [ 16.35306077, 48.22420417 ] } },
{ "type": "Feature", "properties": { "id": 1624477, "title": "Garteln in Wien", "weblink": "http://www.wiengestalten.at/garteln-in-wien/", "timestamp_start": "2016-05-29T00:00:00", "timestamp_end": "2030-12-31T00:00:00", "category": "initiative", "host": "Bio Forschung Austria – Garteln in Wien", "reccuring": "initiative", "description": null }, "geometry": { "type": "Point", "coordinates": [ 16.53033992, 48.21201073 ] } },
{ "type": "Feature", "properties": { "id": 1624479, "title": "Ein Garten für alle!", "weblink": "http://www.wiengestalten.at/ein-garten-fuer-alle/", "timestamp_start": "2016-05-31T00:00:00", "timestamp_end": "2030-12-31T00:00:00", "category": "initiative", "host": "Grätzelbeirat 9/17/18 - Außenstelle Lazarettgasse 9.", "reccuring": "initiative", "description": null }, "geometry": { "type": "Point", "coordinates": [ 16.36157658, 48.22826015 ] } },
{ "type": "Feature", "properties": { "id": 1624480, "title": "Ein Garten für alle!", "weblink": "http://www.wiengestalten.at/ein-garten-fuer-alle/", "timestamp_start": "2016-05-31T00:00:00", "timestamp_end": "2030-12-31T00:00:00", "category": "initiative", "host": "Grätzelbeirat 9/17/18 - Außenstelle Lazarettgasse 9.", "reccuring": "initiative", "description": null }, "geometry": { "type": "Point", "coordinates": [ 16.36157658, 48.22826015 ] } },
{ "type": "Feature", "properties": { "id": 1624482, "title": "Die Straße nutzen! Experiment in der Aspangstraße", "weblink": "http://www.wiengestalten.at/die-strasse-nutzen-experiment-in-der-aspangstrasse/", "timestamp_start": "2016-04-30T00:00:00", "timestamp_end": "2030-12-31T00:00:00", "category": "initiative", "host": "Grätzelbeirat 3/11", "reccuring": "initiative", "description": null }, "geometry": { "type": "Point", "coordinates": [ 16.39261419, 48.19213601 ] } },
{ "type": "Feature", "properties": { "id": 1624483, "title": "Naschgarten", "weblink": "http://www.wiengestalten.at/naschgarten/", "timestamp_start": "2015-03-31T00:00:00", "timestamp_end": "2030-12-31T00:00:00", "category": "initiative", "host": "Grätzelbeirat 21 21", "reccuring": "initiative", "description": null }, "geometry": { "type": "Point", "coordinates": [ 16.42089202, 48.25640893 ] } },
{ "type": "Feature", "properties": { "id": 1624484, "title": "Stadtmenschen", "weblink": "http://www.wiengestalten.at/stadtmenschen/", "timestamp_start": "2015-06-28T00:00:00", "timestamp_end": "2030-12-31T00:00:00", "category": "initiative", "host": "Social City Wien", "reccuring": "initiative", "description": null }, "geometry": { "type": "Point", "coordinates": [ 16.37575842, 48.23214488 ] } },
{ "type": "Feature", "properties": { "id": 1624498, "title": "Erweiterungsplanung des Evangelischen Krankenhauses", "weblink": "http://www.wiengestalten.at/erweiterungsplanung-des-evangelischen-krankenhauses/", "timestamp_start": "2016-04-10T00:00:00", "timestamp_end": "2030-12-31T00:00:00", "category": "participation", "host": "MA21 - Stadtteilplanung und Flächennutzung", "reccuring": "initiative", "description": null }, "geometry": { "type": "Point", "coordinates": [ 16.34571423, 48.22413163 ] } },
{ "type": "Feature", "properties": { "id": 1624511, "title": "Jane's Walk Vienna", "weblink": "http://www.wiengestalten.at/janes-walk-vienna/", "timestamp_start": "2014-04-30T00:00:00", "timestamp_end": "2030-12-31T00:00:00", "category": "initiative", "host": "Andreas Lindinger, City Organizer Jane's Walk Vienna", "reccuring": "initiative", "description": null }, "geometry": { "type": "Point", "coordinates": [ 16.37418694, 48.20825506 ] } },
{ "type": "Feature", "properties": { "id": 1624516, "title": "Öffentlicher Raum im Kernbereich Penzing", "weblink": "http://www.wiengestalten.at/beteiligungsprozess-zum-oeffentlichen-raum-im-kernbereich-penzing/", "timestamp_start": "2015-08-31T00:00:00", "timestamp_end": "2030-12-31T00:00:00", "category": "participation", "host": "Magistratsabteilung 18 Stadtentwicklung und Stadtplanung", "reccuring": "initiative", "description": null }, "geometry": { "type": "Point", "coordinates": [ 16.30284489, 48.1895069 ] } },
{ "type": "Feature", "properties": { "id": 1624519, "title": "Central Garden", "weblink": "http://www.wiengestalten.at/central-garden/", "timestamp_start": "2009-04-01T00:00:00", "timestamp_end": "2030-12-31T00:00:00", "category": "initiative", "host": "CENTRAL GARDEN Gemeinschaftsgarten am Donaukanal", "reccuring": "initiative", "description": null }, "geometry": { "type": "Point", "coordinates": [ 16.3883349, 48.21401604 ] } },
{ "type": "Feature", "properties": { "id": 1624522, "title": "Samstag in der Stadt", "weblink": "http://www.wiengestalten.at/samstag-in-der-stadt/", "timestamp_start": "2010-05-31T00:00:00", "timestamp_end": "2030-12-31T00:00:00", "category": "initiative", "host": "Nadia Prauhart und Tamara Schwarzmayr", "reccuring": "initiative", "description": null }, "geometry": { "type": "Point", "coordinates": [ 16.32881328, 48.19129431 ] } },
{ "type": "Feature", "properties": { "id": 1624523, "title": "Fahrgastbeirat Wiener Linien", "weblink": "http://www.wiengestalten.at/fahrgastbeirat-wr-linien/", "timestamp_start": "2003-12-31T00:00:00", "timestamp_end": "2030-12-31T00:00:00", "category": "initiative", "host": "Wiener Linien", "reccuring": "initiative", "description": null }, "geometry": { "type": "Point", "coordinates": [ 16.41504272, 48.19029736 ] } },
{ "type": "Feature", "properties": { "id": 1624524, "title": "Schwendermarkt mitgestalten", "weblink": "http://www.wiengestalten.at/schwendermarkt-mitgestalten/", "timestamp_start": "2013-05-31T00:00:00", "timestamp_end": "2030-12-31T00:00:00", "category": "initiative", "host": "Grätzelbeirat 6/14/15", "reccuring": "initiative", "description": null }, "geometry": { "type": "Point", "coordinates": [ 16.33387803, 48.18792538 ] } },
{ "type": "Feature", "properties": { "id": 1624525, "title": "Schwendermarkt mitgestalten", "weblink": "http://www.wiengestalten.at/schwendermarkt-mitgestalten/", "timestamp_start": "2013-05-31T00:00:00", "timestamp_end": "2030-12-31T00:00:00", "category": "initiative", "host": "Grätzelbeirat 6/14/15", "reccuring": "initiative", "description": null }, "geometry": { "type": "Point", "coordinates": [ 16.33387803, 48.18792538 ] } },
{ "type": "Feature", "properties": { "id": 1624528, "title": "Verkehr im Lobauvorland", "weblink": "http://www.wiengestalten.at/verkehr-im-lobauvorland/", "timestamp_start": "2015-06-30T00:00:00", "timestamp_end": "2030-12-31T00:00:00", "category": "initiative", "host": "MA 21", "reccuring": "initiative", "description": null }, "geometry": { "type": "Point", "coordinates": [ 16.51076189, 48.20778574 ] } },
{ "type": "Feature", "properties": { "id": 1624529, "title": "L(i)ebenswertes Matznerviertel", "weblink": "http://www.wiengestalten.at/liebenswertes-matznerviertel/", "timestamp_start": "2013-12-31T00:00:00", "timestamp_end": "2030-12-31T00:00:00", "category": "participation", "host": "Libenswertes Matznerviertel", "reccuring": "initiative", "description": null }, "geometry": { "type": "Point", "coordinates": [ 16.30412282, 48.19541691 ] } },
{ "type": "Feature", "properties": { "id": 1624530, "title": "L(i)ebenswertes Matznerviertel", "weblink": "http://www.wiengestalten.at/liebenswertes-matznerviertel/", "timestamp_start": "2013-12-31T00:00:00", "timestamp_end": "2030-12-31T00:00:00", "category": "participation", "host": "Libenswertes Matznerviertel", "reccuring": "initiative", "description": null }, "geometry": { "type": "Point", "coordinates": [ 16.30412282, 48.19541691 ] } },
{ "type": "Feature", "properties": { "id": 1624531, "title": "L(i)ebenswertes Matznerviertel", "weblink": "http://www.wiengestalten.at/liebenswertes-matznerviertel/", "timestamp_start": "2013-12-31T00:00:00", "timestamp_end": "2030-12-31T00:00:00", "category": "participation", "host": "Libenswertes Matznerviertel", "reccuring": "initiative", "description": null }, "geometry": { "type": "Point", "coordinates": [ 16.30412282, 48.19541691 ] } },
{ "type": "Feature", "properties": { "id": 1624532, "title": "L(i)ebenswertes Matznerviertel", "weblink": "http://www.wiengestalten.at/liebenswertes-matznerviertel/", "timestamp_start": "2013-12-31T00:00:00", "timestamp_end": "2030-12-31T00:00:00", "category": "participation", "host": "Libenswertes Matznerviertel", "reccuring": "initiative", "description": null }, "geometry": { "type": "Point", "coordinates": [ 16.30412282, 48.19541691 ] } },
{ "type": "Feature", "properties": { "id": 1624533, "title": "L(i)ebenswertes Matznerviertel", "weblink": "http://www.wiengestalten.at/liebenswertes-matznerviertel/", "timestamp_start": "2013-12-31T00:00:00", "timestamp_end": "2030-12-31T00:00:00", "category": "participation", "host": "Libenswertes Matznerviertel", "reccuring": "initiative", "description": null }, "geometry": { "type": "Point", "coordinates": [ 16.30412282, 48.19541691 ] } },
{ "type": "Feature", "properties": { "id": 1624534, "title": "Kinder- und Jugendforum Favoriten", "weblink": "http://www.wiengestalten.at/kinderforum/", "timestamp_start": "2013-12-31T00:00:00", "timestamp_end": "2030-12-31T00:00:00", "category": "initiative", "host": "Parkbetreuung der Wiener Kinderfreunde", "reccuring": "initiative", "description": null }, "geometry": { "type": "Point", "coordinates": [ 16.38788978, 48.17528586 ] } },
{ "type": "Feature", "properties": { "id": 1624535, "title": "SchülervertreterInnen Club Favoriten", "weblink": "http://www.wiengestalten.at/svc/", "timestamp_start": "2013-12-31T00:00:00", "timestamp_end": "2030-12-31T00:00:00", "category": "initiative", "host": "Parkbetreuung der Wiener Kinderfreunde", "reccuring": "initiative", "description": null }, "geometry": { "type": "Point", "coordinates": [ 16.35738728, 48.17143734 ] } },
{ "type": "Feature", "properties": { "id": 1624536, "title": "Teeniesbetreuung Favoriten", "weblink": "http://www.wiengestalten.at/teeniesbetreuung/", "timestamp_start": "2013-12-31T00:00:00", "timestamp_end": "2030-12-31T00:00:00", "category": "initiative", "host": "Parkbetreuung der Wiener Kinderfreunde", "reccuring": "initiative", "description": null }, "geometry": { "type": "Point", "coordinates": [ 16.35738728, 48.17143734 ] } },
{ "type": "Feature", "properties": { "id": 1624537, "title": "Genderpool Favoriten", "weblink": "http://www.wiengestalten.at/genderpool/", "timestamp_start": "2013-12-31T00:00:00", "timestamp_end": "2030-12-31T00:00:00", "category": "initiative", "host": "Parkbetreuung der Wiener Kinderfreunde", "reccuring": "initiative", "description": null }, "geometry": { "type": "Point", "coordinates": [ 16.35963033, 48.17537281 ] } },
{ "type": "Feature", "properties": { "id": 1624540, "title": "Wohnprojekt Emil-Behring-Weg", "weblink": "http://www.wiengestalten.at/wohnprojekt-europan-10/", "timestamp_start": "2014-06-23T00:00:00", "timestamp_end": "2030-12-31T00:00:00", "category": "initiative", "host": "Anita Haider, Magistratsabteilung 21", "reccuring": "initiative", "description": null }, "geometry": { "type": "Point", "coordinates": [ 16.29397675, 48.15991681 ] } },
{ "type": "Feature", "properties": { "id": 1624541, "title": "Oase 22 - Adelheid-Popp-Gasse", "weblink": "http://www.wiengestalten.at/oase-22-adelheid-popp-gasse/", "timestamp_start": "2015-11-28T00:00:00", "timestamp_end": "2030-12-31T00:00:00", "category": "initiative", "host": "Magistratsabteilung 18 Stadtentwicklung und Stadtplanung", "reccuring": "initiative", "description": null }, "geometry": { "type": "Point", "coordinates": [ 16.4588837, 48.22988126 ] } },
{ "type": "Feature", "properties": { "id": 1624542, "title": "Oase 22 - Adelheid-Popp-Gasse", "weblink": "http://www.wiengestalten.at/oase-22-adelheid-popp-gasse/", "timestamp_start": "2015-11-28T00:00:00", "timestamp_end": "2030-12-31T00:00:00", "category": "initiative", "host": "Magistratsabteilung 18 Stadtentwicklung und Stadtplanung", "reccuring": "initiative", "description": null }, "geometry": { "type": "Point", "coordinates": [ 16.4588837, 48.22988126 ] } },
{ "type": "Feature", "properties": { "id": 1624544, "title": "Jugendbeteiligungsprojekte Hernals \"Mitreden-Mitbestimmen\"", "weblink": "http://www.wiengestalten.at/jugendbeteiligungsprojekte-hernals-mitreden-mitbestimmen/", "timestamp_start": "2003-12-31T00:00:00", "timestamp_end": "2030-12-31T00:00:00", "category": "initiative", "host": "TAKE PART Verein zur Förderung partzipativer und innovativer Kinder- und Jugendprojekte", "reccuring": "initiative", "description": null }, "geometry": { "type": "Point", "coordinates": [ 16.35265256, 48.20407688 ] } },
{ "type": "Feature", "properties": { "id": 1624545, "title": "Mädchencafé Flash", "weblink": "http://www.wiengestalten.at/maedchencafe-flash/", "timestamp_start": "2011-03-07T00:00:00", "timestamp_end": "2030-12-31T00:00:00", "category": "initiative", "host": "flash - Mädchencafé", "reccuring": "initiative", "description": null }, "geometry": { "type": "Point", "coordinates": [ 16.34485974, 48.20112373 ] } },
{ "type": "Feature", "properties": { "id": 1624546, "title": "Kinderforen", "weblink": "http://www.wiengestalten.at/kinderforen/", "timestamp_start": "2005-12-31T00:00:00", "timestamp_end": "2030-12-31T00:00:00", "category": "initiative", "host": "Kinderfreunde Wien, Parkbetreuung", "reccuring": "initiative", "description": null }, "geometry": { "type": "Point", "coordinates": [ 16.38788978, 48.17528586 ] } },
{ "type": "Feature", "properties": { "id": 1624547, "title": "Stuwert mit!", "weblink": "http://www.wiengestalten.at/stuwert-mit/", "timestamp_start": "2015-04-12T00:00:00", "timestamp_end": "2030-12-31T00:00:00", "category": "initiative", "host": "Stuwert mit!", "reccuring": "initiative", "description": null }, "geometry": { "type": "Point", "coordinates": [ 16.40097572, 48.22021699 ] } },
{ "type": "Feature", "properties": { "id": 1624548, "title": "Stuwert mit!", "weblink": "http://www.wiengestalten.at/stuwert-mit/", "timestamp_start": "2015-04-12T00:00:00", "timestamp_end": "2030-12-31T00:00:00", "category": "initiative", "host": "Stuwert mit!", "reccuring": "initiative", "description": null }, "geometry": { "type": "Point", "coordinates": [ 16.40097572, 48.22021699 ] } },
{ "type": "Feature", "properties": { "id": 1624549, "title": "Wien Geschichte Wiki", "weblink": "http://www.wiengestalten.at/wien-geschichte-wiki/", "timestamp_start": "2014-09-10T00:00:00", "timestamp_end": "2030-12-31T00:00:00", "category": "initiative", "host": "MA 8, Wiener Stadt- und Landesarchiv", "reccuring": "initiative", "description": null }, "geometry": { "type": "Point", "coordinates": [ 16.42162976, 48.18483955 ] } },
{ "type": "Feature", "properties": { "id": 1624553, "title": "Teilen in der Herbststraße 15", "weblink": "http://www.wiengestalten.at/teilen-in-der-herbstrasse-15/", "timestamp_start": "2015-09-14T00:00:00", "timestamp_end": "2030-12-31T00:00:00", "category": "initiative", "host": "Grätzelbeirat 7/8/16", "reccuring": "initiative", "description": null }, "geometry": { "type": "Point", "coordinates": [ 16.3330432, 48.20527488 ] } },
{ "type": "Feature", "properties": { "id": 1624554, "title": "Volkertviertel geht doch!", "weblink": "http://www.wiengestalten.at/volkertviertel-geht-doch/", "timestamp_start": "2015-09-29T00:00:00", "timestamp_end": "2030-12-31T00:00:00", "category": "initiative", "host": "Grätzelbeirat 2/20", "reccuring": "initiative", "description": null }, "geometry": { "type": "Point", "coordinates": [ 16.38643392, 48.22247662 ] } },
{ "type": "Feature", "properties": { "id": 1624556, "title": "Operation Grüner Daumen", "weblink": "http://www.wiengestalten.at/operation-gruener-daumen/", "timestamp_start": "2011-12-31T00:00:00", "timestamp_end": "2030-12-31T00:00:00", "category": "initiative", "host": "Mariahilfer Straße 47/4 Top C, 1060 Wien", "reccuring": "initiative", "description": null }, "geometry": { "type": "Point", "coordinates": [ 16.35488323, 48.19957893 ] } },
{ "type": "Feature", "properties": { "id": 1624557, "title": "Europas größter Dach-Gemeinschaftsgarten", "weblink": "http://www.wiengestalten.at/europas-groesster-dach-gemeinschaftsgarten/", "timestamp_start": "2015-09-15T00:00:00", "timestamp_end": "2030-12-31T00:00:00", "category": "initiative", "host": "Anita Voraberger, Mediensprecherin StRin Ulli Sima", "reccuring": "initiative", "description": null }, "geometry": { "type": "Point", "coordinates": [ 16.37418694, 48.20825506 ] } },
{ "type": "Feature", "properties": { "id": 1624558, "title": "Wiener Tafel", "weblink": "http://www.wiengestalten.at/wiener-tafel/", "timestamp_start": "1999-09-08T00:00:00", "timestamp_end": "2030-12-31T00:00:00", "category": "initiative", "host": "Wiener Tafel - Verein für sozialen Transfer", "reccuring": "initiative", "description": null }, "geometry": { "type": "Point", "coordinates": [ 16.40443449, 48.18457615 ] } },
{ "type": "Feature", "properties": { "id": 1624562, "title": "Matznergarten", "weblink": "http://www.wiengestalten.at/matznergarten/", "timestamp_start": "2015-08-21T00:00:00", "timestamp_end": "2030-12-31T00:00:00", "category": "initiative", "host": "Grätzelbeirat vor Ort", "reccuring": "initiative", "description": null }, "geometry": { "type": "Point", "coordinates": [ 16.30405197, 48.19578858 ] } },
{ "type": "Feature", "properties": { "id": 1624563, "title": "Startet euer Projekt", "weblink": "http://www.wiengestalten.at/startet-euer-projekt/", "timestamp_start": "2015-05-03T00:00:00", "timestamp_end": "2030-12-31T00:00:00", "category": "initiative", "host": "wienXtra-jugendinfo", "reccuring": "initiative", "description": null }, "geometry": { "type": "Point", "coordinates": [ 16.36351275, 48.20352163 ] } },
{ "type": "Feature", "properties": { "id": 1624565, "title": "Albertgarten", "weblink": "http://www.wiengestalten.at/albertgarten/", "timestamp_start": "2015-05-01T00:00:00", "timestamp_end": "2030-12-31T00:00:00", "category": "initiative", "host": "Lokale Agenda Josefstadt", "reccuring": "initiative", "description": null }, "geometry": { "type": "Point", "coordinates": [ 16.3434783, 48.2143283 ] } },
{ "type": "Feature", "properties": { "id": 1624566, "title": "Nachbarschaftsgarten Juchgasse", "weblink": "http://www.wiengestalten.at/nachbarschaftsgarten-juchgasse/", "timestamp_start": "2015-04-01T00:00:00", "timestamp_end": "2030-12-31T00:00:00", "category": "initiative", "host": "Lokale Agenda Landstraße", "reccuring": "initiative", "description": null }, "geometry": { "type": "Point", "coordinates": [ 16.3914461, 48.1967856 ] } },
{ "type": "Feature", "properties": { "id": 1624567, "title": "Garten unser Döbling", "weblink": "http://www.wiengestalten.at/garten-unser/", "timestamp_start": "2011-03-31T00:00:00", "timestamp_end": "2030-12-31T00:00:00", "category": "initiative", "host": "Verein \\\"Garten unser Döbling\\\"", "reccuring": "initiative", "description": null }, "geometry": { "type": "Point", "coordinates": [ 16.3538451, 48.25721617 ] } },
{ "type": "Feature", "properties": { "id": 1624569, "title": "Gründen in Wien", "weblink": "http://www.wiengestalten.at/gruenden-in-wien/", "timestamp_start": "2014-10-09T00:00:00", "timestamp_end": "2030-12-31T00:00:00", "category": "initiative", "host": "Wirtschaftsagentur Wien", "reccuring": "initiative", "description": null }, "geometry": { "type": "Point", "coordinates": [ 16.35783542, 48.21193097 ] } },
{ "type": "Feature", "properties": { "id": 1624572, "title": "BürgerInnenbeteiligungsprozess zum Leitbild Donaufeld", "weblink": "http://www.wiengestalten.at/buergerinnenbeteiligungsprozess-zum-leitbild-donaufeld/", "timestamp_start": "2014-04-08T00:00:00", "timestamp_end": "2030-12-31T00:00:00", "category": "participation", "host": "stadtland GmbH, Dipl.-Ing. Sibylla Zech", "reccuring": "initiative", "description": null }, "geometry": { "type": "Point", "coordinates": [ 16.42811444, 48.24808741 ] } },
{ "type": "Feature", "properties": { "id": 1624576, "title": "Spielstraße Kleistgasse", "weblink": "http://www.wiengestalten.at/spielstrasse-kleistgasse/", "timestamp_start": "2012-05-06T00:00:00", "timestamp_end": "2030-12-31T00:00:00", "category": "initiative", "host": "Grätzelbeirat 3/11", "reccuring": "initiative", "description": null }, "geometry": { "type": "Point", "coordinates": [ 16.38978864, 48.19117338 ] } },
{ "type": "Feature", "properties": { "id": 1624579, "title": "Nachbarschaftsgarten Währing", "weblink": "http://www.wiengestalten.at/nachbarschaftsgarten-waehring/", "timestamp_start": "2014-05-07T00:00:00", "timestamp_end": "2030-12-31T00:00:00", "category": "initiative", "host": "Grätzelbeirat 9/17/18", "reccuring": "initiative", "description": null }, "geometry": { "type": "Point", "coordinates": [ 16.34785673, 48.23072758 ] } },
{ "type": "Feature", "properties": { "id": 1624585, "title": "Metalab", "weblink": "http://www.wiengestalten.at/metalab/", "timestamp_start": "2006-03-03T00:00:00", "timestamp_end": "2030-12-31T00:00:00", "category": "initiative", "host": "Verein Metalab", "reccuring": "initiative", "description": null }, "geometry": { "type": "Point", "coordinates": [ 16.35633006, 48.20928904 ] } },
{ "type": "Feature", "properties": { "id": 1624586, "title": "NOVAgarten -Garten macht Schule", "weblink": "http://www.wiengestalten.at/novagarten/", "timestamp_start": "2013-02-28T00:00:00", "timestamp_end": "2030-12-31T00:00:00", "category": "initiative", "host": "isebuki KunstverEinmischung", "reccuring": "initiative", "description": null }, "geometry": { "type": "Point", "coordinates": [ 16.38555066, 48.21883673 ] } },
{ "type": "Feature", "properties": { "id": 1624587, "title": "NOVAgarten - Garten macht Schule", "weblink": "http://www.wiengestalten.at/novagarten/", "timestamp_start": "2013-02-28T00:00:00", "timestamp_end": "2030-12-31T00:00:00", "category": "initiative", "host": "isebuki KunstverEinmischung", "reccuring": "initiative", "description": null }, "geometry": { "type": "Point", "coordinates": [ 16.38555066, 48.21883673 ] } },
{ "type": "Feature", "properties": { "id": 1624589, "title": "Kontakt-Garten", "weblink": "http://www.wiengestalten.at/kontaktgarten/", "timestamp_start": "2011-03-31T00:00:00", "timestamp_end": "2030-12-31T00:00:00", "category": "initiative", "host": "Verein Station Wien", "reccuring": "initiative", "description": null }, "geometry": { "type": "Point", "coordinates": [ 16.34934664, 48.1856587 ] } },
{ "type": "Feature", "properties": { "id": 1624590, "title": "Gemeinschaftsgarten Löwenzahn", "weblink": "http://www.wiengestalten.at/gemeinschaftsgarten-loewenzahn/", "timestamp_start": "2013-03-31T00:00:00", "timestamp_end": "2030-12-31T00:00:00", "category": "initiative", "host": "Gemeinschaftsgarten Löwenzahn", "reccuring": "initiative", "description": null }, "geometry": { "type": "Point", "coordinates": [ 16.38290735, 48.23873599 ] } },
{ "type": "Feature", "properties": { "id": 1624591, "title": "Garten Matzleinsdorf", "weblink": "http://www.wiengestalten.at/garten-matzleinsdorf/", "timestamp_start": "2014-02-28T00:00:00", "timestamp_end": "2030-12-31T00:00:00", "category": "initiative", "host": "Garten Matzleinsdorf", "reccuring": "initiative", "description": null }, "geometry": { "type": "Point", "coordinates": [ 16.35891004, 48.17719598 ] } },
{ "type": "Feature", "properties": { "id": 1624592, "title": "Mintzgarten", "weblink": "http://www.wiengestalten.at/mintzgarten/", "timestamp_start": "2013-02-28T00:00:00", "timestamp_end": "2030-12-31T00:00:00", "category": "initiative", "host": "Grätzelbeirat 2/20", "reccuring": "initiative", "description": null }, "geometry": { "type": "Point", "coordinates": [ 16.39611027, 48.22581648 ] } },
{ "type": "Feature", "properties": { "id": 1624593, "title": "Garten SAMBA", "weblink": "http://www.wiengestalten.at/garten-samba/", "timestamp_start": "2013-02-28T00:00:00", "timestamp_end": "2030-12-31T00:00:00", "category": "initiative", "host": "Grätzelbeirat 2/20", "reccuring": "initiative", "description": null }, "geometry": { "type": "Point", "coordinates": [ 16.38596983, 48.22588767 ] } },
{ "type": "Feature", "properties": { "id": 1624594, "title": "Nachbarschaftsgarten am Broßmannplatz", "weblink": "http://www.wiengestalten.at/gemeinschaftsgarten-brossmannplatz/", "timestamp_start": "2013-05-31T00:00:00", "timestamp_end": "2030-12-31T00:00:00", "category": "initiative", "host": "Verein Nachbarschaftsgarten am Broßmannplatz / GB*21", "reccuring": "initiative", "description": null }, "geometry": { "type": "Point", "coordinates": [ 16.39965146, 48.25227076 ] } },
{ "type": "Feature", "properties": { "id": 1624595, "title": "Seestadtgarten", "weblink": "http://www.wiengestalten.at/seestadtgarten/", "timestamp_start": "2013-03-31T00:00:00", "timestamp_end": "2030-12-31T00:00:00", "category": "initiative", "host": "Verein Gartenpoylog", "reccuring": "initiative", "description": null }, "geometry": { "type": "Point", "coordinates": [ 16.49796686, 48.22500836 ] } },
{ "type": "Feature", "properties": { "id": 1624596, "title": "Seestadtgarten", "weblink": "http://www.wiengestalten.at/seestadtgarten/", "timestamp_start": "2013-03-31T00:00:00", "timestamp_end": "2030-12-31T00:00:00", "category": "initiative", "host": "Verein Gartenpoylog", "reccuring": "initiative", "description": null }, "geometry": { "type": "Point", "coordinates": [ 16.49796686, 48.22500836 ] } },
{ "type": "Feature", "properties": { "id": 1624597, "title": "Wien 1&#215;1", "weblink": "http://www.wiengestalten.at/wien-1x1/", "timestamp_start": "2014-04-30T00:00:00", "timestamp_end": "2030-12-31T00:00:00", "category": "initiative", "host": "MA 5 - Finanzwesen", "reccuring": "initiative", "description": null }, "geometry": { "type": "Point", "coordinates": [ 16.35783542, 48.21193097 ] } },
{ "type": "Feature", "properties": { "id": 1624598, "title": "Digitale Agenda Wien", "weblink": "http://www.wiengestalten.at/digitale-agenda-wien/", "timestamp_start": "2014-09-11T00:00:00", "timestamp_end": "2030-12-31T00:00:00", "category": "initiative", "host": "Stadt Wien, Geschäftsbereich Organisation und Sicherheit, MD-OS - Gruppe Prozessmanagement und IKT-S", "reccuring": "initiative", "description": null }, "geometry": { "type": "Point", "coordinates": [ 16.35618113, 48.20965455 ] } },
{ "type": "Feature", "properties": { "id": 1624599, "title": "Open Government Data", "weblink": "http://www.wiengestalten.at/open-government-data-wien/", "timestamp_start": "2011-03-08T00:00:00", "timestamp_end": "2030-12-31T00:00:00", "category": "initiative", "host": "Stadt Wien, Geschäftsbereich Organisation und Sicherheit, MD-OS - Gruppe Prozessmanagement und IKT-S", "reccuring": "initiative", "description": null }, "geometry": { "type": "Point", "coordinates": [ 16.35641711, 48.20995695 ] } },
{ "type": "Feature", "properties": { "id": 1624601, "title": "Wien zu Fuß Wunschbox", "weblink": "http://www.wiengestalten.at/wien-zu-fuss-wunschbox/", "timestamp_start": "2013-11-30T00:00:00", "timestamp_end": "2030-12-31T00:00:00", "category": "initiative", "host": "Mobilitätsagentur Wien GmbH", "reccuring": "initiative", "description": null }, "geometry": { "type": "Point", "coordinates": [ 16.37836376, 48.21645856 ] } },
{ "type": "Feature", "properties": { "id": 1624603, "title": "1. Meidlinger Nachbarschaftsgarten - Steinhagegarten", "weblink": "http://www.wiengestalten.at/1-meidlinger-nachbarschaftsgarten-steinhagegarten/", "timestamp_start": "2011-10-19T00:00:00", "timestamp_end": "2030-12-31T00:00:00", "category": "initiative", "host": "Grätzelbeirat 5/12", "reccuring": "initiative", "description": null }, "geometry": { "type": "Point", "coordinates": [ 16.34066264, 48.18557969 ] } },
{ "type": "Feature", "properties": { "id": 1624604, "title": "1. Meidlinger Nachbarschaftsgarten - Steinhagegarten", "weblink": "http://www.wiengestalten.at/1-meidlinger-nachbarschaftsgarten-steinhagegarten/", "timestamp_start": "2011-10-19T00:00:00", "timestamp_end": "2030-12-31T00:00:00", "category": "initiative", "host": "Grätzelbeirat 5/12", "reccuring": "initiative", "description": null }, "geometry": { "type": "Point", "coordinates": [ 16.34066264, 48.18557969 ] } },
{ "type": "Feature", "properties": { "id": 1624605, "title": "Gemeinschaftsgarten Kirchengasse", "weblink": "http://www.wiengestalten.at/gemeinschaftsgarten-krichengasse/", "timestamp_start": "2013-01-02T00:00:00", "timestamp_end": "2030-12-31T00:00:00", "category": "initiative", "host": "Salat Piraten e.V.", "reccuring": "initiative", "description": null }, "geometry": { "type": "Point", "coordinates": [ 16.351919, 48.2046798 ] } },
{ "type": "Feature", "properties": { "id": 1624609, "title": "Gemeinschaftsgarten Rosenberg", "weblink": "http://www.wiengestalten.at/gemeinschaftsgarten-rosenberg/", "timestamp_start": "2012-03-31T00:00:00", "timestamp_end": "2030-12-31T00:00:00", "category": "initiative", "host": "Wohnpartner 17_18_19", "reccuring": "initiative", "description": null }, "geometry": { "type": "Point", "coordinates": [ 16.30392567, 48.22954332 ] } },
{ "type": "Feature", "properties": { "id": 1624610, "title": "Junges Gemüse Wieden", "weblink": "http://www.wiengestalten.at/junges-gemuese-wieden/", "timestamp_start": "2014-05-31T00:00:00", "timestamp_end": "2030-12-31T00:00:00", "category": "initiative", "host": "Lokale Agenda Wieden", "reccuring": "initiative", "description": null }, "geometry": { "type": "Point", "coordinates": [ 16.36328557, 48.18934448 ] } },
{ "type": "Feature", "properties": { "id": 1624611, "title": "Junges Gemüse Wieden", "weblink": "http://www.wiengestalten.at/junges-gemuese-wieden/", "timestamp_start": "2014-05-31T00:00:00", "timestamp_end": "2030-12-31T00:00:00", "category": "initiative", "host": "Lokale Agenda Wieden", "reccuring": "initiative", "description": null }, "geometry": { "type": "Point", "coordinates": [ 16.36328557, 48.18934448 ] } },
{ "type": "Feature", "properties": { "id": 1624612, "title": "We love Ottakring", "weblink": "http://www.wiengestalten.at/love-ottakring/", "timestamp_start": "2014-06-01T00:00:00", "timestamp_end": "2030-12-31T00:00:00", "category": "participation", "host": "Grätzelbeirat 7/8/16", "reccuring": "initiative", "description": null }, "geometry": { "type": "Point", "coordinates": [ 16.33161167, 48.21290914 ] } },
{ "type": "Feature", "properties": { "id": 1624613, "title": "Karls Garten", "weblink": "http://www.wiengestalten.at/karlsgarten/", "timestamp_start": "2014-04-23T00:00:00", "timestamp_end": "2030-12-31T00:00:00", "category": "initiative", "host": "Karls Garten - Verein zur Förderung urbaner Landwirtschaft in Wien", "reccuring": "initiative", "description": null }, "geometry": { "type": "Point", "coordinates": [ 16.36769832, 48.20021022 ] } },
{ "type": "Feature", "properties": { "id": 1624614, "title": "Fahrrad Wunschbox", "weblink": "http://www.wiengestalten.at/fahrrad-wunschbox/", "timestamp_start": "2012-09-30T00:00:00", "timestamp_end": "2030-12-31T00:00:00", "category": "initiative", "host": "Wien zu Fuß  Mobilitätsagentur Wien GmbH", "reccuring": "initiative", "description": null }, "geometry": { "type": "Point", "coordinates": [ 16.37836376, 48.21645856 ] } },
{ "type": "Feature", "properties": { "id": 1624633, "title": "Kidsline.at -  Kiddi + Co", "weblink": "http://www.wiengestalten.at/kidsline-at-verein-kiddi-co/", "timestamp_start": "1999-12-31T00:00:00", "timestamp_end": "2030-12-31T00:00:00", "category": "initiative", "host": "Kiddy & Co", "reccuring": "initiative", "description": null }, "geometry": { "type": "Point", "coordinates": [ 16.30919382, 48.19604072 ] } },
{ "type": "Feature", "properties": { "id": 1625299, "title": "Generationenplattform: Auf eine gute Nachbarschaft im Norwegerviertel und Erzherzog-Karl-Stadt!", "weblink": "http://www.wiengestalten.at/generationenplattform/", "timestamp_start": "2007-08-31T00:00:00", "timestamp_end": "2030-12-31T00:00:00", "category": "initiative", "host": "Lokale Agenda Donaustadt", "reccuring": "initiative", "description": null }, "geometry": { "type": "Point", "coordinates": [ 16.46765652, 48.21536064 ] } },
{ "type": "Feature", "properties": { "id": 1625300, "title": "Generationenplattform: Auf eine gute Nachbarschaft im Norwegerviertel und Erzherzog-Karl-Stadt!", "weblink": "http://www.wiengestalten.at/generationenplattform/", "timestamp_start": "2007-08-31T00:00:00", "timestamp_end": "2030-12-31T00:00:00", "category": "initiative", "host": "Lokale Agenda Donaustadt", "reccuring": "initiative", "description": null }, "geometry": { "type": "Point", "coordinates": [ 16.46765652, 48.21536064 ] } },
{ "type": "Feature", "properties": { "id": 1625302, "title": "Kinder- und Jugendparlament Wieden JUPA 4", "weblink": "http://www.wiengestalten.at/jugendparlament-wieden-jupa-4/", "timestamp_start": "2009-08-31T00:00:00", "timestamp_end": "2030-12-31T00:00:00", "category": "initiative", "host": "Wiener Familienbund", "reccuring": "initiative", "description": null }, "geometry": { "type": "Point", "coordinates": [ 16.36984171, 48.19434254 ] } },
{ "type": "Feature", "properties": { "id": 1625307, "title": "Die Gumpendorfer - eine aktive Straße", "weblink": "http://www.wiengestalten.at/die-gumpendorfer-eine-aktive-strasse/", "timestamp_start": "2009-12-31T00:00:00", "timestamp_end": "2030-12-31T00:00:00", "category": "participation", "host": "Grätzelbeirat 6/14/15", "reccuring": "initiative", "description": null }, "geometry": { "type": "Point", "coordinates": [ 16.35156992, 48.1958529 ] } },
{ "type": "Feature", "properties": { "id": 1625312, "title": "Smart City Wien", "weblink": "http://www.wiengestalten.at/smart-city-wien/", "timestamp_start": "2011-02-28T00:00:00", "timestamp_end": "2030-12-31T00:00:00", "category": "initiative", "host": "TINA Vienna Urban Technologies + Strategies GmbH", "reccuring": "initiative", "description": null }, "geometry": { "type": "Point", "coordinates": [ 16.36228621, 48.21751105 ] } },
{ "type": "Feature", "properties": { "id": 1625329, "title": "SUM – Konferenz", "weblink": "http://www.wiengestalten.at/sum-konferenz/", "timestamp_start": "2010-12-31T00:00:00", "timestamp_end": "2030-12-31T00:00:00", "category": "initiative", "host": "Büro Plansinn - DI Maja Vilotijevic", "reccuring": "initiative", "description": null }, "geometry": { "type": "Point", "coordinates": [ 16.35691164, 48.21210714 ] } },
{ "type": "Feature", "properties": { "id": 1625330, "title": "SUM – Konferenz", "weblink": "http://www.wiengestalten.at/sum-konferenz/", "timestamp_start": "2010-12-31T00:00:00", "timestamp_end": "2030-12-31T00:00:00", "category": "initiative", "host": "Büro Plansinn - DI Maja Vilotijevic", "reccuring": "initiative", "description": null }, "geometry": { "type": "Point", "coordinates": [ 16.35691164, 48.21210714 ] } },
{ "type": "Feature", "properties": { "id": 1625332, "title": "einfach - mehrfach", "weblink": "http://www.wiengestalten.at/einfach-mehrfach/", "timestamp_start": "1997-12-31T00:00:00", "timestamp_end": "2030-12-31T00:00:00", "category": "initiative", "host": "MA 18 - Stadtentwicklung und Stadtplanung", "reccuring": "initiative", "description": null }, "geometry": { "type": "Point", "coordinates": [ 16.35691164, 48.21210714 ] } },
{ "type": "Feature", "properties": { "id": 1625333, "title": "einfach - mehrfach", "weblink": "http://www.wiengestalten.at/einfach-mehrfach/", "timestamp_start": "1997-12-31T00:00:00", "timestamp_end": "2030-12-31T00:00:00", "category": "initiative", "host": "MA 18 - Stadtentwicklung und Stadtplanung", "reccuring": "initiative", "description": null }, "geometry": { "type": "Point", "coordinates": [ 16.35691164, 48.21210714 ] } },
{ "type": "Feature", "properties": { "id": 1625339, "title": "Bauernmarkt Stadlau", "weblink": "http://www.wiengestalten.at/bauernmarkt-stadlau/", "timestamp_start": "2011-03-14T00:00:00", "timestamp_end": "2030-12-31T00:00:00", "category": "initiative", "host": "Lokale Agenda Donaustadt", "reccuring": "initiative", "description": null }, "geometry": { "type": "Point", "coordinates": [ 16.45131636, 48.22434727 ] } },
{ "type": "Feature", "properties": { "id": 1625347, "title": "KAESCH - Netzwerk für Nachbarschaftshilfe", "weblink": "http://www.wiengestalten.at/kaesch-netzwerk-fuer-nachbarschaftshilfe/", "timestamp_start": "2009-12-31T00:00:00", "timestamp_end": "2030-12-31T00:00:00", "category": "initiative", "host": "KAESCH - Netzwerk für Nachbarschaftshilfe", "reccuring": "initiative", "description": null }, "geometry": { "type": "Point", "coordinates": [ 16.32706035, 48.16092535 ] } },
{ "type": "Feature", "properties": { "id": 1625348, "title": "KNH-Kulturnetz Hernals", "weblink": "http://www.wiengestalten.at/knh-kulturnetz-hernals/", "timestamp_start": "2010-12-31T00:00:00", "timestamp_end": "2030-12-31T00:00:00", "category": "initiative", "host": "KUNST-MACHT Verein für Kunst- und Kulturvermittlung", "reccuring": "initiative", "description": null }, "geometry": { "type": "Point", "coordinates": [ 16.33227357, 48.21637011 ] } },
{ "type": "Feature", "properties": { "id": 1625354, "title": "Nachbarschaftsgarten Heigerlein", "weblink": "http://www.wiengestalten.at/nachbarschaftsgarten-heigerlein/", "timestamp_start": "2007-12-31T00:00:00", "timestamp_end": "2030-12-31T00:00:00", "category": "initiative", "host": "Verein Gartenpoylog", "reccuring": "initiative", "description": null }, "geometry": { "type": "Point", "coordinates": [ 16.31210378, 48.21837567 ] } },
{ "type": "Feature", "properties": { "id": 1625355, "title": "Nachbarschaftsgarten Heigerlein", "weblink": "http://www.wiengestalten.at/nachbarschaftsgarten-heigerlein/", "timestamp_start": "2007-12-31T00:00:00", "timestamp_end": "2030-12-31T00:00:00", "category": "initiative", "host": "Verein Gartenpoylog", "reccuring": "initiative", "description": null }, "geometry": { "type": "Point", "coordinates": [ 16.31210378, 48.21837567 ] } },
{ "type": "Feature", "properties": { "id": 1625358, "title": "Grätzelbeirat Stuwerviertel", "weblink": "http://www.wiengestalten.at/graetzelbeirat-stuwerviertel/", "timestamp_start": "2006-12-31T00:00:00", "timestamp_end": "2030-12-31T00:00:00", "category": "participation", "host": "Grätzelbeirat 2/20", "reccuring": "initiative", "description": null }, "geometry": { "type": "Point", "coordinates": [ 16.40019842, 48.22076466 ] } },
{ "type": "Feature", "properties": { "id": 1625365, "title": "Welt(en)reise - Interkultureller Dialog", "weblink": "http://www.wiengestalten.at/weltenreise-unterkultureller-dialog/", "timestamp_start": "2007-12-31T00:00:00", "timestamp_end": "2030-12-31T00:00:00", "category": "initiative", "host": "Lokale Agenda Landstraße", "reccuring": "initiative", "description": null }, "geometry": { "type": "Point", "coordinates": [ 16.38648462, 48.19918711 ] } },
{ "type": "Feature", "properties": { "id": 1625368, "title": "Zaubergarden", "weblink": "http://www.wiengestalten.at/zaubergarden/", "timestamp_start": "2010-12-31T00:00:00", "timestamp_end": "2030-12-31T00:00:00", "category": "initiative", "host": "Lokale Agenda Liesing", "reccuring": "initiative", "description": null }, "geometry": { "type": "Point", "coordinates": [ 16.25761317, 48.13575673 ] } },
{ "type": "Feature", "properties": { "id": 1625369, "title": "Zaubergarden", "weblink": "http://www.wiengestalten.at/zaubergarden/", "timestamp_start": "2010-12-31T00:00:00", "timestamp_end": "2030-12-31T00:00:00", "category": "initiative", "host": "Lokale Agenda Liesing", "reccuring": "initiative", "description": null }, "geometry": { "type": "Point", "coordinates": [ 16.25761317, 48.13575673 ] } },
{ "type": "Feature", "properties": { "id": 1625370, "title": "Kunstplatzl im 3.", "weblink": "http://www.wiengestalten.at/kunstplatzl-im-3/", "timestamp_start": "2010-02-28T00:00:00", "timestamp_end": "2030-12-31T00:00:00", "category": "initiative", "host": "Lokale Agenda Landstraße", "reccuring": "initiative", "description": null }, "geometry": { "type": "Point", "coordinates": [ 16.38649469, 48.1993525 ] } },
{ "type": "Feature", "properties": { "id": 1625372, "title": "Stadterneuerung Arsenal", "weblink": "http://www.wiengestalten.at/stadterneuerung-arsenal/", "timestamp_start": "2009-12-31T00:00:00", "timestamp_end": "2030-12-31T00:00:00", "category": "participation", "host": "Grätzelbeirat 3/11", "reccuring": "initiative", "description": null }, "geometry": { "type": "Point", "coordinates": [ 16.40397653, 48.1960994 ] } },
{ "type": "Feature", "properties": { "id": 1625373, "title": "Stadterneuerung Arsenal", "weblink": "http://www.wiengestalten.at/stadterneuerung-arsenal/", "timestamp_start": "2009-12-31T00:00:00", "timestamp_end": "2030-12-31T00:00:00", "category": "participation", "host": "Grätzelbeirat 3/11", "reccuring": "initiative", "description": null }, "geometry": { "type": "Point", "coordinates": [ 16.40397653, 48.1960994 ] } },
{ "type": "Feature", "properties": { "id": 1625374, "title": "Mehrwert Sanierungsinitiative in der Kreta", "weblink": "http://www.wiengestalten.at/mehrwert-sanierungsinitiative-kreta/", "timestamp_start": "2009-12-31T00:00:00", "timestamp_end": "2030-12-31T00:00:00", "category": "initiative", "host": "Grätzelbeirat10", "reccuring": "initiative", "description": null }, "geometry": { "type": "Point", "coordinates": [ 16.37765883, 48.17509306 ] } },
{ "type": "Feature", "properties": { "id": 1625375, "title": "Öffentlicher Raum - Asphaltpiraten", "weblink": "http://www.wiengestalten.at/asphaltpiraten-rueckeroberung-des-oeffentlichen-raumes/", "timestamp_start": "2010-06-30T00:00:00", "timestamp_end": "2030-12-31T00:00:00", "category": "initiative", "host": "Lokale Agenda Josefstadt", "reccuring": "initiative", "description": null }, "geometry": { "type": "Point", "coordinates": [ 16.34416277, 48.2132408 ] } },
{ "type": "Feature", "properties": { "id": 1625376, "title": "Zu Fuß und mit dem Rad unterwegs", "weblink": "http://www.wiengestalten.at/zu-fuss-und-mit-dem-rad-unterwegs/", "timestamp_start": "2009-09-30T00:00:00", "timestamp_end": "2030-12-31T00:00:00", "category": "initiative", "host": "Lokale Agenda Landstraße", "reccuring": "initiative", "description": null }, "geometry": { "type": "Point", "coordinates": [ 16.38648462, 48.19918711 ] } },
{ "type": "Feature", "properties": { "id": 1625377, "title": "Zu Fuß und mit dem Rad unterwegs", "weblink": "http://www.wiengestalten.at/zu-fuss-und-mit-dem-rad-unterwegs/", "timestamp_start": "2009-09-30T00:00:00", "timestamp_end": "2030-12-31T00:00:00", "category": "initiative", "host": "Lokale Agenda Landstraße", "reccuring": "initiative", "description": null }, "geometry": { "type": "Point", "coordinates": [ 16.38648462, 48.19918711 ] } },
{ "type": "Feature", "properties": { "id": 1625378, "title": "Grätzelbüro-20 Zwischenbrücken", "weblink": "http://www.wiengestalten.at/graetzelbuero-20-zwischenbruecken/", "timestamp_start": "2010-12-31T00:00:00", "timestamp_end": "2030-12-31T00:00:00", "category": "participation", "host": "Grätzelbeirat 2/20", "reccuring": "initiative", "description": null }, "geometry": { "type": "Point", "coordinates": [ 16.39913984, 48.22668439 ] } },
{ "type": "Feature", "properties": { "id": 1625379, "title": "Grätzelbeirat Volkert- und Alliiertenviertel", "weblink": "http://www.wiengestalten.at/graetzelbeirat-volkert-und-alliiertenviertel/", "timestamp_start": "2004-12-31T00:00:00", "timestamp_end": "2030-12-31T00:00:00", "category": "participation", "host": "Grätzelbeirat 2/20", "reccuring": "initiative", "description": null }, "geometry": { "type": "Point", "coordinates": [ 16.38645468, 48.22333366 ] } },
{ "type": "Feature", "properties": { "id": 1625380, "title": "Grätzelbeirat Volkert- und Alliiertenviertel", "weblink": "http://www.wiengestalten.at/graetzelbeirat-volkert-und-alliiertenviertel/", "timestamp_start": "2004-12-31T00:00:00", "timestamp_end": "2030-12-31T00:00:00", "category": "participation", "host": "Grätzelbeirat 2/20", "reccuring": "initiative", "description": null }, "geometry": { "type": "Point", "coordinates": [ 16.38645468, 48.22333366 ] } },
{ "type": "Feature", "properties": { "id": 1625383, "title": "Garteln ums Eck", "weblink": "http://www.wiengestalten.at/garteln-ums-eck/", "timestamp_start": "2010-12-31T00:00:00", "timestamp_end": "2030-12-31T00:00:00", "category": "initiative", "host": "Grätzelbeirat 6/14/15", "reccuring": "initiative", "description": null }, "geometry": { "type": "Point", "coordinates": [ 16.37998824, 48.20229622 ] } },
{ "type": "Feature", "properties": { "id": 1625384, "title": "Garteln ums Eck", "weblink": "http://www.wiengestalten.at/garteln-ums-eck/", "timestamp_start": "2010-12-31T00:00:00", "timestamp_end": "2030-12-31T00:00:00", "category": "initiative", "host": "Grätzelbeirat 6/14/15", "reccuring": "initiative", "description": null }, "geometry": { "type": "Point", "coordinates": [ 16.37998824, 48.20229622 ] } },
{ "type": "Feature", "properties": { "id": 1625388, "title": "Stadtteilnetzwerk Stadlau", "weblink": "http://www.wiengestalten.at/stadtteilnetzwerk-stadlau/", "timestamp_start": "2009-12-31T00:00:00", "timestamp_end": "2030-12-31T00:00:00", "category": "participation", "host": "Lokale Agenda Donaustadt", "reccuring": "initiative", "description": null }, "geometry": { "type": "Point", "coordinates": [ 16.45619566, 48.22901164 ] } },
{ "type": "Feature", "properties": { "id": 1625389, "title": "Gemeinschaftsgärten Tigerpark und Pfeilheim", "weblink": "http://www.wiengestalten.at/gemeinschaftsgaerten-im-tigerpark-und-vor-dem-pfeilheim/", "timestamp_start": "2012-05-31T00:00:00", "timestamp_end": "2030-12-31T00:00:00", "category": "initiative", "host": "Lokale Agenda Josefstadt", "reccuring": "initiative", "description": null }, "geometry": { "type": "Point", "coordinates": [ 16.34532106, 48.20882091 ] } },
{ "type": "Feature", "properties": { "id": 1625390, "title": "Gemeinschaftsgärten Tigerpark und Pfeilheim", "weblink": "http://www.wiengestalten.at/gemeinschaftsgaerten-im-tigerpark-und-vor-dem-pfeilheim/", "timestamp_start": "2012-05-31T00:00:00", "timestamp_end": "2030-12-31T00:00:00", "category": "initiative", "host": "Lokale Agenda Josefstadt", "reccuring": "initiative", "description": null }, "geometry": { "type": "Point", "coordinates": [ 16.34532106, 48.20882091 ] } },
{ "type": "Feature", "properties": { "id": 1625391, "title": "Äußere Liechtensteinstraße", "weblink": "http://www.wiengestalten.at/aeussere-liechtensteinstrasse/", "timestamp_start": "2010-12-31T00:00:00", "timestamp_end": "2030-12-31T00:00:00", "category": "participation", "host": "Lokale Agenda Alsergrund", "reccuring": "initiative", "description": null }, "geometry": { "type": "Point", "coordinates": [ 16.35435541, 48.22587481 ] } },
{ "type": "Feature", "properties": { "id": 1625392, "title": "Äußere Liechtensteinstraße", "weblink": "http://www.wiengestalten.at/aeussere-liechtensteinstrasse/", "timestamp_start": "2010-12-31T00:00:00", "timestamp_end": "2030-12-31T00:00:00", "category": "participation", "host": "Lokale Agenda Alsergrund", "reccuring": "initiative", "description": null }, "geometry": { "type": "Point", "coordinates": [ 16.35435541, 48.22587481 ] } },
{ "type": "Feature", "properties": { "id": 1625394, "title": "Lebensraum Lange Gasse", "weblink": "http://www.wiengestalten.at/lebensraum-lange-gasse/", "timestamp_start": "2011-09-30T00:00:00", "timestamp_end": "2030-12-31T00:00:00", "category": "participation", "host": "Lokale Agenda Josefstadt", "reccuring": "initiative", "description": null }, "geometry": { "type": "Point", "coordinates": [ 16.3517211, 48.21046391 ] } },
{ "type": "Feature", "properties": { "id": 1625395, "title": "Lebensraum Lange Gasse", "weblink": "http://www.wiengestalten.at/lebensraum-lange-gasse/", "timestamp_start": "2011-09-30T00:00:00", "timestamp_end": "2030-12-31T00:00:00", "category": "participation", "host": "Lokale Agenda Josefstadt", "reccuring": "initiative", "description": null }, "geometry": { "type": "Point", "coordinates": [ 16.3517211, 48.21046391 ] } },
{ "type": "Feature", "properties": { "id": 1625396, "title": "Attraktivierung des Kutschkermarktes", "weblink": "http://www.wiengestalten.at/attraktivierung-des-kutschkermarktes/", "timestamp_start": "2004-12-31T00:00:00", "timestamp_end": "2030-12-31T00:00:00", "category": "initiative", "host": "Grätzelbeirat 9/17/18", "reccuring": "initiative", "description": null }, "geometry": { "type": "Point", "coordinates": [ 16.34474747, 48.22556334 ] } },
{ "type": "Feature", "properties": { "id": 1625397, "title": "Word up! 23", "weblink": "http://www.wiengestalten.at/word-up-23/", "timestamp_start": "2003-12-31T00:00:00", "timestamp_end": "2030-12-31T00:00:00", "category": "initiative", "host": "Jugendzentrum Alterlaa", "reccuring": "initiative", "description": null }, "geometry": { "type": "Point", "coordinates": [ 16.28215297, 48.13486362 ] } },
{ "type": "Feature", "properties": { "id": 1625398, "title": "Word Up! 21", "weblink": "http://www.wiengestalten.at/word-up-21/", "timestamp_start": "2010-12-31T00:00:00", "timestamp_end": "2030-12-31T00:00:00", "category": "initiative", "host": "Jugendzentrum Großfeldsiedlung Nautilus", "reccuring": "initiative", "description": null }, "geometry": { "type": "Point", "coordinates": [ 16.45359803, 48.26775145 ] } },
{ "type": "Feature", "properties": { "id": 1625401, "title": "Neugestaltung Schönbornpark", "weblink": "http://www.wiengestalten.at/neugestaltung-schoenbornpark/", "timestamp_start": "2011-12-31T00:00:00", "timestamp_end": "2030-12-31T00:00:00", "category": "participation", "host": "Bezirksvorstehung Josefstadt", "reccuring": "initiative", "description": null }, "geometry": { "type": "Point", "coordinates": [ 16.35144501, 48.21229622 ] } },
{ "type": "Feature", "properties": { "id": 1625402, "title": "Neugestaltung Schönbornpark", "weblink": "http://www.wiengestalten.at/neugestaltung-schoenbornpark/", "timestamp_start": "2011-12-31T00:00:00", "timestamp_end": "2030-12-31T00:00:00", "category": "participation", "host": "Bezirksvorstehung Josefstadt", "reccuring": "initiative", "description": null }, "geometry": { "type": "Point", "coordinates": [ 16.35144501, 48.21229622 ] } },
{ "type": "Feature", "properties": { "id": 1625405, "title": "Word up! 20", "weblink": "http://www.wiengestalten.at/word-up-20/", "timestamp_start": "2009-12-31T00:00:00", "timestamp_end": "2030-12-31T00:00:00", "category": "initiative", "host": "Jugendzentrum BasE 20", "reccuring": "initiative", "description": null }, "geometry": { "type": "Point", "coordinates": [ 16.38296208, 48.24169764 ] } },
{ "type": "Feature", "properties": { "id": 1625406, "title": "Kinder- und Jugendparlament Währing", "weblink": "http://www.wiengestalten.at/kinder-und-jugendparlament-waehring/", "timestamp_start": "2009-12-31T00:00:00", "timestamp_end": "2030-12-31T00:00:00", "category": "initiative", "host": "Wiener Familienbund", "reccuring": "initiative", "description": null }, "geometry": { "type": "Point", "coordinates": [ 16.34166956, 48.22208459 ] } },
{ "type": "Feature", "properties": { "id": 1625407, "title": "Ottakringer SchülerInnenparlament", "weblink": "http://www.wiengestalten.at/ottakringer-schuelerinnenparlament/", "timestamp_start": "2005-12-31T00:00:00", "timestamp_end": "2030-12-31T00:00:00", "category": "initiative", "host": "Take Part!", "reccuring": "initiative", "description": null }, "geometry": { "type": "Point", "coordinates": [ 16.30622997, 48.21338054 ] } },
{ "type": "Feature", "properties": { "id": 1625409, "title": "Kinder- und Jugendparlament Penzing", "weblink": "http://www.wiengestalten.at/kinder-und-jugendparlament-penzing/", "timestamp_start": "2002-12-31T00:00:00", "timestamp_end": "2030-12-31T00:00:00", "category": "initiative", "host": "Kiddy &Co", "reccuring": "initiative", "description": null }, "geometry": { "type": "Point", "coordinates": [ 16.30919382, 48.19604072 ] } },
{ "type": "Feature", "properties": { "id": 1625410, "title": "Kinder- und Jugendparlament Hietzing", "weblink": "http://www.wiengestalten.at/kinder-und-jugendparlament-hietzing/", "timestamp_start": "2005-12-31T00:00:00", "timestamp_end": "2030-12-31T00:00:00", "category": "initiative", "host": "Wiener Familienbund", "reccuring": "initiative", "description": null }, "geometry": { "type": "Point", "coordinates": [ 16.29982026, 48.187931 ] } },
{ "type": "Feature", "properties": { "id": 1625411, "title": "Kinder- und Jugendbeirat Meidling", "weblink": "http://www.wiengestalten.at/kinder-und-jugendbeirat-meidling/", "timestamp_start": "2005-12-31T00:00:00", "timestamp_end": "2030-12-31T00:00:00", "category": "initiative", "host": "JIM Jugend In Meidling", "reccuring": "initiative", "description": null }, "geometry": { "type": "Point", "coordinates": [ 16.32916328, 48.18311847 ] } },
{ "type": "Feature", "properties": { "id": 1625412, "title": "Word up! 11", "weblink": "http://www.wiengestalten.at/word-up-11/", "timestamp_start": "2000-12-31T00:00:00", "timestamp_end": "2030-12-31T00:00:00", "category": "initiative", "host": "Siedlungstreff Leberberg", "reccuring": "initiative", "description": null }, "geometry": { "type": "Point", "coordinates": [ 16.45927326, 48.15484656 ] } },
{ "type": "Feature", "properties": { "id": 1625413, "title": "Word up! 09", "weblink": "http://www.wiengestalten.at/word-up-09/", "timestamp_start": "2000-12-31T00:00:00", "timestamp_end": "2030-12-31T00:00:00", "category": "initiative", "host": "Zentrum 9", "reccuring": "initiative", "description": null }, "geometry": { "type": "Point", "coordinates": [ 16.35426867, 48.22072856 ] } },
{ "type": "Feature", "properties": { "id": 1625414, "title": "SchülerInnen- und Jugendparlament Josefstadt", "weblink": "http://www.wiengestalten.at/schuelerinnen-und-jugendparlament-josefstadt/", "timestamp_start": "2004-12-31T00:00:00", "timestamp_end": "2030-12-31T00:00:00", "category": "initiative", "host": "Jugendparlament Josefstadt", "reccuring": "initiative", "description": null }, "geometry": { "type": "Point", "coordinates": [ 16.34721795, 48.2109774 ] } },
{ "type": "Feature", "properties": { "id": 1625415, "title": "Ich mach' mit in Neubau!", "weblink": "http://www.wiengestalten.at/ich-mach-mit-in-neubau/", "timestamp_start": "2001-12-31T00:00:00", "timestamp_end": "2030-12-31T00:00:00", "category": "initiative", "host": "Take Part!", "reccuring": "initiative", "description": null }, "geometry": { "type": "Point", "coordinates": [ 16.34704265, 48.20284971 ] } },
{ "type": "Feature", "properties": { "id": 1625416, "title": "SchülerInnenparlament Mariahilf", "weblink": "http://www.wiengestalten.at/schuelerinnenparlament-mariahilf/", "timestamp_start": "1997-12-31T00:00:00", "timestamp_end": "2030-12-31T00:00:00", "category": "initiative", "host": "JUVIVO6", "reccuring": "initiative", "description": null }, "geometry": { "type": "Point", "coordinates": [ 16.35091358, 48.19706869 ] } },
{ "type": "Feature", "properties": { "id": 1625417, "title": "SchülerInnenparlament Margareten", "weblink": "http://www.wiengestalten.at/schuelerinnenparlament-margareten/", "timestamp_start": "1998-12-31T00:00:00", "timestamp_end": "2030-12-31T00:00:00", "category": "initiative", "host": "IFEP – Institut für Erlebnispädagogik", "reccuring": "initiative", "description": null }, "geometry": { "type": "Point", "coordinates": [ 16.35419306, 48.19056413 ] } },
{ "type": "Feature", "properties": { "id": 1625418, "title": "Fasanmarkt", "weblink": "http://www.wiengestalten.at/bauernmarkt-agendagruppe-fasanmarkt/", "timestamp_start": "2012-01-31T00:00:00", "timestamp_end": "2030-12-31T00:00:00", "category": "initiative", "host": "ARGE Fasanmarkt", "reccuring": "initiative", "description": null }, "geometry": { "type": "Point", "coordinates": [ 16.3870557, 48.19453432 ] } },
{ "type": "Feature", "properties": { "id": 1625419, "title": "SchülerInnenparlament Landstraße", "weblink": "http://www.wiengestalten.at/schuelerinnenparlament-landstrasse/", "timestamp_start": "2000-12-31T00:00:00", "timestamp_end": "2030-12-31T00:00:00", "category": "initiative", "host": "JUVIVO.03", "reccuring": "initiative", "description": null }, "geometry": { "type": "Point", "coordinates": [ 16.40483302, 48.19673705 ] } },
{ "type": "Feature", "properties": { "id": 1625420, "title": "Kinder- und Jugendparlament Innere Stadt", "weblink": "http://www.wiengestalten.at/kinder-und-jugendparlament-innere-stadt/", "timestamp_start": "1999-12-31T00:00:00", "timestamp_end": "2030-12-31T00:00:00", "category": "initiative", "host": "Wiener Familienbund", "reccuring": "initiative", "description": null }, "geometry": { "type": "Point", "coordinates": [ 16.37102527, 48.21180622 ] } },
{ "type": "Feature", "properties": { "id": 1625425, "title": "Agendagruppe \"Buntes Weißgerbergrätzl\"", "weblink": "http://www.wiengestalten.at/agendagruppe-buntes-weissgerbergraetzl/", "timestamp_start": "2009-12-31T00:00:00", "timestamp_end": "2030-12-31T00:00:00", "category": "initiative", "host": "Lokale Agenda Landstraße", "reccuring": "initiative", "description": null }, "geometry": { "type": "Point", "coordinates": [ 16.38649469, 48.1993525 ] } },
{ "type": "Feature", "properties": { "id": 1625427, "title": "Ein offenes Ohr für Monte Laa", "weblink": "http://www.wiengestalten.at/ein-offenes-ohr-fuer-monte-laa/", "timestamp_start": "2011-12-31T00:00:00", "timestamp_end": "2030-12-31T00:00:00", "category": "initiative", "host": "Grätzelbeirat10", "reccuring": "initiative", "description": null }, "geometry": { "type": "Point", "coordinates": [ 16.4128219, 48.14069402 ] } },
{ "type": "Feature", "properties": { "id": 1625428, "title": "Nordbahnvierteltreff", "weblink": "http://www.wiengestalten.at/nordbahnvierteltreff/", "timestamp_start": "2011-12-31T00:00:00", "timestamp_end": "2030-12-31T00:00:00", "category": "initiative", "host": "http://www.wiengestalten.at/nordbahnvierteltreff/ Nordbahnviertel", "reccuring": "initiative", "description": null }, "geometry": { "type": "Point", "coordinates": [ 16.39689144, 48.2231495 ] } },
{ "type": "Feature", "properties": { "id": 1625429, "title": "Nordbahnvierteltreff", "weblink": "http://www.wiengestalten.at/nordbahnvierteltreff/", "timestamp_start": "2011-12-31T00:00:00", "timestamp_end": "2030-12-31T00:00:00", "category": "initiative", "host": "http://www.wiengestalten.at/nordbahnvierteltreff/ Nordbahnviertel", "reccuring": "initiative", "description": null }, "geometry": { "type": "Point", "coordinates": [ 16.39689144, 48.2231495 ] } },
{ "type": "Feature", "properties": { "id": 1625438, "title": "Wiener Charta des Zusammenlebens", "weblink": "http://www.wiengestalten.at/wiener-charta-des-zusammenlebens/", "timestamp_start": "2012-02-29T00:00:00", "timestamp_end": "2030-12-31T00:00:00", "category": "initiative", "host": "Team der Wiener Charta\n", "reccuring": "initiative", "description": null }, "geometry": { "type": "Point", "coordinates": [ 16.35505735, 48.21031583 ] } },
{ "type": "Feature", "properties": { "id": 1625443, "title": "Rein ins Rathaus – Kinderstadt", "weblink": "http://www.wiengestalten.at/rein-ins-rathaus-kinderstadt/", "timestamp_start": "2001-12-31T00:00:00", "timestamp_end": "2030-12-31T00:00:00", "category": "initiative", "host": "wienXtra – ferienspiel", "reccuring": "initiative", "description": null }, "geometry": { "type": "Point", "coordinates": [ 16.35513238, 48.21125678 ] } },
{ "type": "Feature", "properties": { "id": 1625444, "title": "Gov2.0 Camp", "weblink": "http://www.wiengestalten.at/gov20-camp/", "timestamp_start": "2010-11-29T00:00:00", "timestamp_end": "2030-12-31T00:00:00", "category": "initiative", "host": "Dialog Plus", "reccuring": "initiative", "description": null }, "geometry": { "type": "Point", "coordinates": [ 16.33758451, 48.24620191 ] } },
{ "type": "Feature", "properties": { "id": 1625449, "title": "Word Up! 02", "weblink": "http://www.wiengestalten.at/word-up-02/", "timestamp_start": "2000-12-31T00:00:00", "timestamp_end": "2030-12-31T00:00:00", "category": "initiative", "host": "Verein Wiener Jugendzentren", "reccuring": "initiative", "description": null }, "geometry": { "type": "Point", "coordinates": [ 16.37972346, 48.21651219 ] } },
{ "type": "Feature", "properties": { "id": 1625450, "title": "SiP – SchülerInnen Parlament", "weblink": "http://www.wiengestalten.at/sip-schuelerinnen-parlament/", "timestamp_start": "2009-12-31T00:00:00", "timestamp_end": "2030-12-31T00:00:00", "category": "initiative", "host": "Wiener Landesschülervertretung", "reccuring": "initiative", "description": null }, "geometry": { "type": "Point", "coordinates": [ 16.35604106, 48.21103683 ] } },
{ "type": "Feature", "properties": { "id": 1625476, "title": "Gemeinschaftsgarten Norweger Viertel", "weblink": "http://www.wiengestalten.at/gemeinschaftsgarten-norweger-viertel/", "timestamp_start": "2011-04-30T00:00:00", "timestamp_end": "2030-12-31T00:00:00", "category": "initiative", "host": "Lokale Agenda Donaustadt", "reccuring": "initiative", "description": null }, "geometry": { "type": "Point", "coordinates": [ 16.47547081, 48.21345252 ] } },
{ "type": "Feature", "properties": { "id": 1625477, "title": "Gemeinschaftsgarten Norweger Viertel", "weblink": "http://www.wiengestalten.at/gemeinschaftsgarten-norweger-viertel/", "timestamp_start": "2011-04-30T00:00:00", "timestamp_end": "2030-12-31T00:00:00", "category": "initiative", "host": "Lokale Agenda Donaustadt", "reccuring": "initiative", "description": null }, "geometry": { "type": "Point", "coordinates": [ 16.47547081, 48.21345252 ] } },
{ "type": "Feature", "properties": { "id": 1625478, "title": "Initiative Schwendermarkt", "weblink": "http://schwendermarkt.at/", "timestamp_start": "2014-06-30T00:00:00", "timestamp_end": "2030-12-31T00:00:00", "category": "initiative", "host": "Axel Hak", "reccuring": "initiative", "description": null }, "geometry": { "type": "Point", "coordinates": [ 16.3267186, 48.19109086 ] } },
{ "type": "Feature", "properties": { "id": 1625482, "title": "Lokale Agenda 21", "weblink": "http://www.la21wien.at/", "timestamp_start": "2016-12-31T00:00:00", "timestamp_end": "2030-12-31T00:00:00", "category": "initiative", "host": "Andrea Binder-Zehetner", "reccuring": "initiative", "description": null }, "geometry": { "type": "Point", "coordinates": [ 16.35819367, 48.19486976 ] } },
{ "type": "Feature", "properties": { "id": 1625483, "title": "Agenda Wieden", "weblink": "http://www.agendawieden.at/home.html", "timestamp_start": "2014-12-31T00:00:00", "timestamp_end": "2030-12-31T00:00:00", "category": "participation", "host": "Milena Schnee", "reccuring": "initiative", "description": null }, "geometry": { "type": "Point", "coordinates": [ 16.36658394, 48.19209379 ] } },
{ "type": "Feature", "properties": { "id": 1625484, "title": "Agenda Josefstadt", "weblink": "http://www.agendajosefstadt.at/home.html", "timestamp_start": "2014-12-31T00:00:00", "timestamp_end": "2030-12-31T00:00:00", "category": "participation", "host": "Peter Kühnberger", "reccuring": "initiative", "description": null }, "geometry": { "type": "Point", "coordinates": [ 16.35094672, 48.20844683 ] } },
{ "type": "Feature", "properties": { "id": 1625485, "title": "Agenda Alsergrund", "weblink": "http://www.agendaalsergrund.at/home.html", "timestamp_start": "2014-12-31T00:00:00", "timestamp_end": "2030-12-31T00:00:00", "category": "participation", "host": "Liette Clees", "reccuring": "initiative", "description": null }, "geometry": { "type": "Point", "coordinates": [ 16.35435541, 48.22587481 ] } },
{ "type": "Feature", "properties": { "id": 1625486, "title": "Agenda Favoriten", "weblink": "http://www.agendafavoriten.at/home.html", "timestamp_start": "2014-12-31T00:00:00", "timestamp_end": "2030-12-31T00:00:00", "category": "participation", "host": "Katja Arzberger", "reccuring": "initiative", "description": null }, "geometry": { "type": "Point", "coordinates": [ 16.37986587, 48.1723001 ] } },
{ "type": "Feature", "properties": { "id": 1625487, "title": "Agenda Währing", "weblink": "https://www.agendawaehring.at/home.html", "timestamp_start": "2014-12-31T00:00:00", "timestamp_end": "2030-12-31T00:00:00", "category": "initiative", "host": "Anna Sonnleitner", "reccuring": "initiative", "description": null }, "geometry": { "type": "Point", "coordinates": [ 16.33349688, 48.22564014 ] } },
{ "type": "Feature", "properties": { "id": 1625488, "title": "Agenda Donaustadt", "weblink": "http://www.agendadonaustadt.at/home.html", "timestamp_start": "2014-12-31T00:00:00", "timestamp_end": "2030-12-31T00:00:00", "category": "participation", "host": "Irmgard Hitthaler", "reccuring": "initiative", "description": null }, "geometry": { "type": "Point", "coordinates": [ 16.36658394, 48.19209379 ] } },
{ "type": "Feature", "properties": { "id": 1625490, "title": "Schutzzone \"Floridsdorfer Spitz\"", "weblink": "https://www.wien.gv.at/stadtentwicklung/projekte/index.html", "timestamp_start": "2018-05-02T00:00:00", "timestamp_end": "2030-12-31T00:00:00", "category": "initiative", "host": "Lisa Pfalzer", "reccuring": "initiative", "description": null }, "geometry": { "type": "Point", "coordinates": [ 16.40174704, 48.25869402 ] } },
{ "type": "Feature", "properties": { "id": 1625492, "title": "Informationsveranstaltung Mackgasse/Gräfin-Zichy-S", "weblink": "https://www.wien.gv.at/verkehr-stadtentwicklung/", "timestamp_start": "2018-06-05T00:00:00", "timestamp_end": "2030-12-31T00:00:00", "category": "initiative", "host": "Lisa Pfalzer", "reccuring": "initiative", "description": null }, "geometry": { "type": "Point", "coordinates": [ 16.24794385, 48.1366649 ] } },
{ "type": "Feature", "properties": { "id": 1625495, "title": "Gasometervorfeld 2.0", "weblink": "https://www.marx.at/", "timestamp_start": "2018-09-09T00:00:00", "timestamp_end": "2030-12-31T00:00:00", "category": "initiative", "host": "Lisa Pfalzer", "reccuring": "initiative", "description": null }, "geometry": { "type": "Point", "coordinates": [ 16.40421714, 48.18866373 ] } },
{ "type": "Feature", "properties": { "id": 1625496, "title": "Rotenturmstraße Neu", "weblink": "http://www.aula-wien.at/", "timestamp_start": "2018-09-19T00:00:00", "timestamp_end": "2030-12-31T00:00:00", "category": "participation", "host": "Clarissa Knehs", "reccuring": "initiative", "description": null }, "geometry": { "type": "Point", "coordinates": [ 16.37767746, 48.20834855 ] } },
{ "type": "Feature", "properties": { "id": 1625497, "title": "Nordbahnviertel", "weblink": "https://www.wien.gv.at/stadtentwicklung/projekte/nordbahnhof", "timestamp_start": "2018-10-03T00:00:00", "timestamp_end": "2030-12-31T00:00:00", "category": "initiative", "host": "Lisa Pfalzer", "reccuring": "initiative", "description": null }, "geometry": { "type": "Point", "coordinates": [ 16.39395495, 48.22881056 ] } },
{ "type": "Feature", "properties": { "id": 1625502, "title": "Rotenturmstraße Neu", "weblink": "http://www.aula-wien.at/", "timestamp_start": "2018-12-02T00:00:00", "timestamp_end": "2030-12-31T00:00:00", "category": "participation", "host": "Lisa- Magdalena Schlager", "reccuring": "initiative", "description": null }, "geometry": { "type": "Point", "coordinates": [ 16.37767746, 48.20834855 ] } },
{ "type": "Feature", "properties": { "id": 1625508, "title": "Initiative Schwendermarkt", "weblink": "http://schwendermarkt.at", "timestamp_start": "2014-02-28T00:00:00", "timestamp_end": "2030-02-28T00:00:00", "category": "initiative", "host": "Dipl.Ing. A. Haak", "reccuring": "initiative", "description": null }, "geometry": { "type": "Point", "coordinates": [ 16.3267186, 48.19109086 ] } }
]
}
